ID,Type,SKU,"GTIN, UPC, EAN, or ISBN",Name,Published,Is featured?,Visibility in catalog,Short description,Description,Date sale price starts,Date sale price ends,Tax status,Tax class,In stock?,Stock,Low stock amount,Backorders allowed?,Sold individually?,Weight (kg),Length (cm),Width (cm),Height (cm),Allow customer reviews?,Purchase note,Sale price,Regular price,Categories,Tags,Shipping class,Images,Download limit,Download expiry days,Parent,Grouped products,Upsells,Cross-sells,External URL,Button text,Position,Brands,Attribute 1 name,Attribute 1 value(s),Attribute 1 visible,Attribute 1 global,Meta: _elementor_edit_mode,Meta: _elementor_template_type,Meta: _elementor_version,Meta: _wp_page_template,Meta: _elementor_data,Meta: woodmart_sguide_select,Meta: _product_360_image_gallery,Meta: _woodmart_whb_header,Meta: _woodmart_product_design,Meta: _woodmart_single_product_style,Meta: _woodmart_thums_position,Meta: _woodmart_extra_position,Meta: _wcfm_product_views,Meta: woodmart_price_unit_of_measure,Meta: _mstore_video_url,Meta: _mstore_video_title,Meta: _mstore_video_description,Meta: woodmart_total_stock_quantity,Meta: _woodmart_main_layout,Meta: _woodmart_sidebar_width,Meta: _woodmart_custom_sidebar,Meta: _woodmart_new_label,Meta: _woodmart_new_label_date,Meta: _woodmart_swatches_attribute,Meta: _woodmart_related_off,Meta: _woodmart_exclude_show_single_variation,Meta: _woodmart_product_video,Meta: _woodmart_product_hashtag,Meta: _woodmart_extra_content,Meta: _woodmart_product-background,Meta: _woodmart_hide_tabs_titles,Meta: _woodmart_product_custom_tab_title,Meta: _woodmart_product_custom_tab_content_type,Meta: _woodmart_product_custom_tab_content,Meta: _woodmart_product_custom_tab_html_block,Meta: _woodmart_product_custom_tab_title_2,Meta: _woodmart_product_custom_tab_content_type_2,Meta: _woodmart_product_custom_tab_content_2,Meta: _woodmart_product_custom_tab_html_block_2,Meta: rs_page_bg_color,Meta: _wc_gla_synced_at,Meta: _wc_gla_sync_status,Meta: _wc_gla_visibility,Meta: _yoast_wpseo_focuskw,Meta: _wc_gla_mc_status,Meta: _elementor_element_cache,Attribute 2 name,Attribute 2 value(s),Attribute 2 visible,Attribute 2 global,Attribute 3 name,Attribute 3 value(s),Attribute 3 visible,Attribute 3 global,Attribute 4 name,Attribute 4 value(s),Attribute 4 visible,Attribute 4 global,Attribute 5 name,Attribute 5 value(s),Attribute 5 visible,Attribute 5 global,Meta: wd_additional_variation_images_data,Meta: _oembed_992c44b3a32aec363189635e67914edf,Meta: _oembed_time_992c44b3a32aec363189635e67914edf,Meta: _oembed_db09be560b4aefcb5b04e498f87b8563,Meta: _wcfm_product_approved_notified,Meta: phone_number,Meta: _yoast_wpseo_primary_product_brand,Meta: _yoast_wpseo_primary_product_cat,Meta: _yoast_wpseo_content_score,Meta: _yoast_wpseo_inclusive_language_score,Meta: _yoast_wpseo_estimated-reading-time-minutes,Meta: cta_action,Meta: call_now_url,Meta: _wc_gla_sync_hash,Attribute 1 default,Attribute 2 default,Meta: _yoast_wpseo_primary_fb_product_set,Meta: _yoast_wpseo_opengraph-title,Meta: _yoast_wpseo_opengraph-description,Meta: _yoast_wpseo_opengraph-image,Meta: _yoast_wpseo_opengraph-image-id,Meta: _yoast_wpseo_metadesc,Meta: _last_editor_used_jetpack,Meta: _yoast_wpseo_wordproof_timestamp,Meta: _is_multi_parent,Meta: _wcfm_product_author,Meta: _wcfm_new_product_notified,Meta: _catalog,Meta: disable_add_to_cart,Meta: disable_price,Meta: _wcfmmp_processing_time,Meta: _yoast_wpseo_linkdex,Attribute 3 default,Attribute 4 default,Attribute 5 default,Meta: _has_multi_selling,Meta: _yoast_wpseo_is_cornerstone,Meta: _yoast_wpseo_meta-robots-noindex,Meta: _wp_desired_post_slug,Meta: _wp_old_date,Meta: _wcfm_pay_for_product,Meta: _product_credit_limit,Meta: _yoast_wpseo_focuskw_text_input,Meta: _oembed_4c34ccf7c7e9081fcb2d19f81ddce38a,Meta: _oembed_time_4c34ccf7c7e9081fcb2d19f81ddce38a,Meta: _wptg_p2tg_sent2tg,Meta: _yoast_wpseo_twitter-title,Meta: _yoast_wpseo_twitter-description,Meta: _yoast_wpseo_twitter-image,Meta: _yoast_wpseo_twitter-image-id,Meta: address,Meta: location,Meta: _oembed_384605e7843e1ad3962c4305ff105b2f,Meta: _oembed_6511409efd6d8b9ffc1542cf0fe288bf,Meta: _oembed_1de99b7875ae5e0b5911184c9108b3da,Meta: _oembed_ca178bfcdf014a2dc7da40eaedb24a7c,Meta: _oembed_4448bd81ac56f17f4eb5c4bbb5d9428a,Meta: _oembed_2b9b30287045582307e4c87d7229c4a7,Meta: _wpcom_is_markdown,Meta: _wc_gla_notification_status,Meta: _siteseo_score,Meta: _siteseo_analysis_target_kw
15883,simple,Flat-Bar001,,Flat-Bar,1,0,visible,"<p>Buy or request a quote for <strong>Flat-Bar</strong> in Ethiopia. Confirm specifications, availability, delivery and current price with Conmaret. Call or WhatsApp <a href=""https://wa.me/251911283651"">+251 911 28 3651</a>.</p>","<h2>Flat-Bar in Ethiopia</h2><p>Source Flat-Bar through Conmaret for construction, contractor and project procurement in Addis Ababa and across Ethiopia.</p><h3>Ordering information</h3><ul><li>Category: Structural Steel</li><li>Confirm size, grade, brand or technical specification before ordering.</li><li>Stock, price, delivery fee and lead time are confirmed before dispatch.</li></ul><p>For a quotation, call or WhatsApp <a href=""https://wa.me/251911283651"">+251 911 28 3651</a> or email <a href=""mailto:manager@conmaret.com"">manager@conmaret.com</a>.</p>",,,taxable,,1,1000,300,notify,0,20000,6,40,0.2,1,,,130,Structural Steel,"Flat-Bar, Structural Steel, construction materials Ethiopia, building materials Addis Ababa, Conmaret",,https://conmaret.com/wp-content/uploads/2024/06/Flat-Bar-conmart.avif,,,,,,,,,75,,,,,,,,,default,,none,,none,inherit,inherit,inherit,after,347,KG,,,,1000,default,default,none,on,,product_cat,,,,,,,,,text,,,,text,,,,1787194872,synced,sync-and-show,Flat-Bar Ethiopia,approved,,,,,,,,,,,,,,,,,,,,,,,+251911283651,,,,,,Call or WhatsApp for a quote,tel:+251911283651,,,,,Flat-Bar in Ethiopia | Conmaret,"Buy or request a quote for Flat-Bar in Ethiopia from Conmaret. Confirm specifications, stock, delivery and current price. Call +251 911 28 3651.",https://conmaret.com/wp-content/uploads/2024/06/Flat-Bar-conmart.avif,,"Buy or request a quote for Flat-Bar in Ethiopia from Conmaret. Confirm specifications, stock, delivery and current price. Call +251 911 28 3651.",,,,,,,,,,,,,,,,,flat-bar,,,,Flat-Bar Ethiopia,,,,Flat-Bar in Ethiopia | Conmaret,"Buy or request a quote for Flat-Bar in Ethiopia from Conmaret. Confirm specifications, stock, delivery and current price. Call +251 911 28 3651.",https://conmaret.com/wp-content/uploads/2024/06/Flat-Bar-conmart.avif,,,,,,,,,,,,,
15942,simple,CON-15942,,water-proofing-gypsum,1,0,visible,"<p>Buy or request a quote for <strong>water-proofing-gypsum</strong> in Ethiopia. Confirm specifications, availability, delivery and current price with Conmaret. Call or WhatsApp <a href=""https://wa.me/251911283651"">+251 911 28 3651</a>.</p>","<h2>water-proofing-gypsum in Ethiopia</h2><p>Source water-proofing-gypsum through Conmaret for construction, contractor and project procurement in Addis Ababa and across Ethiopia.</p><h3>Ordering information</h3><ul><li>Category: Finishing Materials</li><li>Confirm size, grade, brand or technical specification before ordering.</li><li>Stock, price, delivery fee and lead time are confirmed before dispatch.</li></ul><p>For a quotation, call or WhatsApp <a href=""https://wa.me/251911283651"">+251 911 28 3651</a> or email <a href=""mailto:manager@conmaret.com"">manager@conmaret.com</a>.</p>",,,taxable,,1,,,0,0,,,,,1,,,,Finishing Materials,"water-proofing-gypsum, Finishing Materials, construction materials Ethiopia, building materials Addis Ababa, Conmaret",,https://conmaret.com/wp-content/uploads/2024/06/water-proofing-gypsum-conmart.avif,,,,,,,,,175,,,,,,,,,default,,none,,none,inherit,inherit,inherit,after,136,,,,,,default,default,none,,,,,,,,,,,,text,,,,text,,,,1784973021,has-errors,sync-and-show,water-proofing-gypsum Ethiopia,disapproved,,,,,,,,,,,,,,,,,,,,,,,+251911283651,,,,,,Call or WhatsApp for a quote,tel:+251911283651,6417a57b6098049b56d036dde628d62e,,,,water-proofing-gypsum in Ethiopia | Conmaret,"Buy or request a quote for water-proofing-gypsum in Ethiopia from Conmaret. Confirm specifications, stock, delivery and current price. Call +251 911 28 365",https://conmaret.com/wp-content/uploads/2024/06/water-proofing-gypsum-conmart.avif,,"Buy or request a quote for water-proofing-gypsum in Ethiopia from Conmaret. Confirm specifications, stock, delivery and current price. Call +251 911 28 365",,,,,,,,,,,,,,,,,water-proofing-gypsum,,,,water-proofing-gypsum Ethiopia,,,,water-proofing-gypsum in Ethiopia | Conmaret,"Buy or request a quote for water-proofing-gypsum in Ethiopia from Conmaret. Confirm specifications, stock, delivery and current price. Call +251 911 28 365",https://conmaret.com/wp-content/uploads/2024/06/water-proofing-gypsum-conmart.avif,,,,,,,,,,,,,
16198,variable,CON-16198,,Terazo,1,0,visible,"<p>Buy or request a quote for <strong>Terazo</strong> in Ethiopia. Confirm specifications, availability, delivery and current price with Conmaret. Call or WhatsApp <a href=""https://wa.me/251911283651"">+251 911 28 3651</a>.</p>","<h2>Terazo in Ethiopia</h2><p>Source Terazo through Conmaret for construction, contractor and project procurement in Addis Ababa and across Ethiopia.</p><h3>Ordering information</h3><ul><li>Category: Masonry</li><li>Confirm size, grade, brand or technical specification before ordering.</li><li>Stock, price, delivery fee and lead time are confirmed before dispatch.</li></ul><p>For a quotation, call or WhatsApp <a href=""https://wa.me/251911283651"">+251 911 28 3651</a> or email <a href=""mailto:manager@conmaret.com"">manager@conmaret.com</a>.</p>",,,taxable,,1,,,0,0,,,,,1,,,,Masonry,"Terazo, Masonry, construction materials Ethiopia, building materials Addis Ababa, Conmaret",,"https://conmaret.com/wp-content/uploads/2024/07/terazo.avif, https://conmaret.com/wp-content/uploads/2024/07/terazo1.avif, https://conmaret.com/wp-content/uploads/2024/07/terazo12.avif, https://conmaret.com/wp-content/uploads/2024/07/terazoMain-1.avif",,,,,,,,,163,,አይነት,"የግቢ ንጣፍ, የአግረኛ መንገድ, ጌጃ ቺብስ, ማርብል ቺብስ",1,0,builder,wp-post,3.15.3,default,[],none,"235,236,237,239,238,240,241,242,243",none,inherit,inherit,inherit,after,1102,,,,,,default,default,none,,,,,,,,,,,,text,,,,text,,,,1787194876,synced,sync-and-show,Terazo Ethiopia,approved,,መጠን,"20x20, 30x30, 25x25, 30x15, 40x40, 60x60",1,0,,,,,,,,,,,,,,,,,,+251911283651,,,,,,Call or WhatsApp for a quote,tel:+251911283651,,የግቢ ንጣፍ,30x30,,Terazo in Ethiopia | Conmaret,"Buy or request a quote for Terazo in Ethiopia from Conmaret. Confirm specifications, stock, delivery and current price. Call +251 911 28 3651.",https://conmaret.com/wp-content/uploads/2024/07/terazo.avif,,"Buy or request a quote for Terazo in Ethiopia from Conmaret. Confirm specifications, stock, delivery and current price. Call +251 911 28 3651.",classic-editor,,,,,,,,,,,,,,,,terazo,,,,Terazo Ethiopia,,,,Terazo in Ethiopia | Conmaret,"Buy or request a quote for Terazo in Ethiopia from Conmaret. Confirm specifications, stock, delivery and current price. Call +251 911 28 3651.",https://conmaret.com/wp-content/uploads/2024/07/terazo.avif,,,,,,,,,,,,,
16210,simple,CON-16210,,Rebar Dia 8mm,1,0,hidden,"<p>Buy or request a quote for <strong>Rebar Dia 8mm</strong> in Ethiopia. Confirm specifications, availability, delivery and current price with Conmaret. Call or WhatsApp <a href=""https://wa.me/251911283651"">+251 911 28 3651</a>.</p>","<h2>Rebar Dia 8mm in Ethiopia</h2><p>Source Rebar Dia 8mm through Conmaret for construction, contractor and project procurement in Addis Ababa and across Ethiopia.</p><h3>Ordering information</h3><ul><li>Category: Concrete</li><li>Confirm size, grade, brand or technical specification before ordering.</li><li>Stock, price, delivery fee and lead time are confirmed before dispatch.</li></ul><p>For a quotation, call or WhatsApp <a href=""https://wa.me/251911283651"">+251 911 28 3651</a> or email <a href=""mailto:manager@conmaret.com"">manager@conmaret.com</a>.</p>",,,taxable,,1,,,0,0,,,,,1,,,630,Concrete,"Rebar Dia 8mm, Concrete, construction materials Ethiopia, building materials Addis Ababa, Conmaret",,https://conmaret.com/wp-content/uploads/2024/07/8.avif,,,,,,,,,135,,,,,,,,,default,,none,,none,inherit,inherit,inherit,after,46,,,,,,default,default,none,,,,,,,,,,,,text,,,,text,,,,,,sync-and-show,Rebar Dia 8mm Ethiopia,,,,,,,,,,,,,,,,,,,,,,,,+251911283651,,,,,,Call or WhatsApp for a quote,tel:+251911283651,,,,,Rebar Dia 8mm in Ethiopia | Conmaret,"Buy or request a quote for Rebar Dia 8mm in Ethiopia from Conmaret. Confirm specifications, stock, delivery and current price. Call +251 911 28 3651.",https://conmaret.com/wp-content/uploads/2024/07/8.avif,,"Buy or request a quote for Rebar Dia 8mm in Ethiopia from Conmaret. Confirm specifications, stock, delivery and current price. Call +251 911 28 3651.",,,,,,,,,,,,,,,,,rebar-dia-8mm,,,,Rebar Dia 8mm Ethiopia,,,,Rebar Dia 8mm in Ethiopia | Conmaret,"Buy or request a quote for Rebar Dia 8mm in Ethiopia from Conmaret. Confirm specifications, stock, delivery and current price. Call +251 911 28 3651.",https://conmaret.com/wp-content/uploads/2024/07/8.avif,,,,,,,,,,,,,
16211,simple,CON-16211,,Rebar Dia 10mm,1,0,hidden,"<p>Buy or request a quote for <strong>Rebar Dia 10mm</strong> in Ethiopia. Confirm specifications, availability, delivery and current price with Conmaret. Call or WhatsApp <a href=""https://wa.me/251911283651"">+251 911 28 3651</a>.</p>","<h2>Rebar Dia 10mm in Ethiopia</h2><p>Source Rebar Dia 10mm through Conmaret for construction, contractor and project procurement in Addis Ababa and across Ethiopia.</p><h3>Ordering information</h3><ul><li>Category: Concrete</li><li>Confirm size, grade, brand or technical specification before ordering.</li><li>Stock, price, delivery fee and lead time are confirmed before dispatch.</li></ul><p>For a quotation, call or WhatsApp <a href=""https://wa.me/251911283651"">+251 911 28 3651</a> or email <a href=""mailto:manager@conmaret.com"">manager@conmaret.com</a>.</p>",,,taxable,,1,,,0,0,,,,,1,,,990,Concrete,"Rebar Dia 10mm, Concrete, construction materials Ethiopia, building materials Addis Ababa, Conmaret",,https://conmaret.com/wp-content/uploads/2024/07/photo_2023-08-18_21-32-49.avif,,,,,,,,,130,,,,,,,,,default,,none,,none,inherit,inherit,inherit,after,78,,,,,,default,default,none,,,,,,,,,,,,text,,,,text,,,,,,sync-and-show,Rebar Dia 10mm Ethiopia,,,,,,,,,,,,,,,,,,,,,,,,+251911283651,,,,,,Call or WhatsApp for a quote,tel:+251911283651,,,,,Rebar Dia 10mm in Ethiopia | Conmaret,"Buy or request a quote for Rebar Dia 10mm in Ethiopia from Conmaret. Confirm specifications, stock, delivery and current price. Call +251 911 28 3651.",https://conmaret.com/wp-content/uploads/2024/07/photo_2023-08-18_21-32-49.avif,,"Buy or request a quote for Rebar Dia 10mm in Ethiopia from Conmaret. Confirm specifications, stock, delivery and current price. Call +251 911 28 3651.",,,,,,,,,,,,,,,,,rebar-dia-10mm,,,,Rebar Dia 10mm Ethiopia,,,,Rebar Dia 10mm in Ethiopia | Conmaret,"Buy or request a quote for Rebar Dia 10mm in Ethiopia from Conmaret. Confirm specifications, stock, delivery and current price. Call +251 911 28 3651.",https://conmaret.com/wp-content/uploads/2024/07/photo_2023-08-18_21-32-49.avif,,,,,,,,,,,,,
16212,simple,CON-16212,,ባለ 20 ብረት,1,0,hidden,"<p>Buy or request a quote for <strong>ባለ 20 ብረት</strong> in Ethiopia. Confirm specifications, availability, delivery and current price with Conmaret. Call or WhatsApp <a href=""https://wa.me/251911283651"">+251 911 28 3651</a>.</p>","<h2>ባለ 20 ብረት in Ethiopia</h2><p>Source ባለ 20 ብረት through Conmaret for construction, contractor and project procurement in Addis Ababa and across Ethiopia.</p><h3>Ordering information</h3><ul><li>Category: Reinforcement Bars</li><li>Confirm size, grade, brand or technical specification before ordering.</li><li>Stock, price, delivery fee and lead time are confirmed before dispatch.</li></ul><p>For a quotation, call or WhatsApp <a href=""https://wa.me/251911283651"">+251 911 28 3651</a> or email <a href=""mailto:manager@conmaret.com"">manager@conmaret.com</a>.</p>",,,taxable,vat-15,1,,,0,0,,,,,1,,4875,4885,Reinforcement Bars,"ባለ 20 ብረት, Reinforcement Bars, construction materials Ethiopia, building materials Addis Ababa, Conmaret",Fero,https://conmaret.com/wp-content/uploads/2024/07/photo_2023-08-18_21-32-45.avif,,,,,,,,,134,,አይነት,"የቱርክ, አቢሲኒያ, አፖሎ, ሀበሻ, ብራዘርስ, ኢስት, TMT",1,0,,,,default,,none,,none,inherit,inherit,inherit,after,109,,,,,,default,default,none,,,,,,,,,,,,text,,,,text,,,,,,sync-and-show,ባለ 20 ብረት Ethiopia,,,,,,,,,,,,,,,,,,,,,,,,+251911283651,,53,90,90,1,Call or WhatsApp for a quote,tel:+251911283651,,,,,ባለ 20 ብረት in Ethiopia | Conmaret,"Buy or request a quote for ባለ 20 ብረት in Ethiopia from Conmaret. Confirm specifications, stock, delivery and current price. Call +251 911 28 3651.",https://conmaret.com/wp-content/uploads/2024/07/photo_2023-08-18_21-32-45.avif,16668,"Buy or request a quote for ባለ 20 ብረት in Ethiopia from Conmaret. Confirm specifications, stock, delivery and current price. Call +251 911 28 3651.",,,,,,,,,,51,,,,,,,ባለ-20-ብረት,,,,ባለ 20 ብረት Ethiopia,,,,ባለ 20 ብረት in Ethiopia | Conmaret,"Buy or request a quote for ባለ 20 ብረት in Ethiopia from Conmaret. Confirm specifications, stock, delivery and current price. Call +251 911 28 3651.",https://conmaret.com/wp-content/uploads/2024/07/photo_2023-08-18_21-32-45.avif,,,,,,,,,,,,,
16213,variable,CON-16213,,Korkoro,1,0,visible,"<p>Buy or request a quote for <strong>Korkoro</strong> in Ethiopia. Confirm specifications, availability, delivery and current price with Conmaret. Call or WhatsApp <a href=""https://wa.me/251911283651"">+251 911 28 3651</a>.</p>","<h2>Korkoro in Ethiopia</h2><p>Source Korkoro through Conmaret for construction, contractor and project procurement in Addis Ababa and across Ethiopia.</p><h3>Ordering information</h3><ul><li>Category: Steel</li><li>Confirm size, grade, brand or technical specification before ordering.</li><li>Stock, price, delivery fee and lead time are confirmed before dispatch.</li></ul><p>For a quotation, call or WhatsApp <a href=""https://wa.me/251911283651"">+251 911 28 3651</a> or email <a href=""mailto:manager@conmaret.com"">manager@conmaret.com</a>.</p>",,,taxable,,1,,,0,0,,,,,1,,,,Steel,"Korkoro, Steel, construction materials Ethiopia, building materials Addis Ababa, Conmaret",,"https://conmaret.com/wp-content/uploads/2024/07/normalKorkoroMain.avif, https://conmaret.com/wp-content/uploads/2024/07/korkoro3.avif, https://conmaret.com/wp-content/uploads/2024/07/korkoro2.avif, https://conmaret.com/wp-content/uploads/2024/07/korkoro.avif",,,,,"EGARED001, id:16199","id:16207, id:16206",,,101,,Brand,"ቃሊቲ, አርቲ, ግመል",1,1,builder,wp-post,3.22.3,default,[],none,,none,inherit,inherit,inherit,after,2050,,,,,,default,default,none,,,,,,,,,,,,text,,,,text,,,,1787194888,synced,sync-and-show,Korkoro Ethiopia,disapproved,,Color,"ቀይ, ነጭ ኖርማል, አረንጓዴ",1,1,ጌጅ,"28 ጌጅ, 30 ጌጅ, 32 ጌጅ, 35 ጌጅ",1,0,,,,,,,,,,,,,,+251911283651,,,,90,1,Call or WhatsApp for a quote,tel:+251911283651,,ቃሊቲ,ነጭ ኖርማል,,Korkoro in Ethiopia | Conmaret,"Buy or request a quote for Korkoro in Ethiopia from Conmaret. Confirm specifications, stock, delivery and current price. Call +251 911 28 3651.",https://conmaret.com/wp-content/uploads/2024/07/normalKorkoroMain.avif,16071,"Buy or request a quote for Korkoro in Ethiopia from Conmaret. Confirm specifications, stock, delivery and current price. Call +251 911 28 3651.",classic-editor,,,,,,,,,,32 ጌጅ,,,,,,korkoro,,,,Korkoro Ethiopia,,,,Korkoro in Ethiopia | Conmaret,"Buy or request a quote for Korkoro in Ethiopia from Conmaret. Confirm specifications, stock, delivery and current price. Call +251 911 28 3651.",https://conmaret.com/wp-content/uploads/2024/07/normalKorkoroMain.avif,,,,,,,,,,,,,
16352,simple,CON-16352,,Rebar Dia 12mm,1,0,hidden,"<p>Buy or request a quote for <strong>Rebar Dia 12mm</strong> in Ethiopia. Confirm specifications, availability, delivery and current price with Conmaret. Call or WhatsApp <a href=""https://wa.me/251911283651"">+251 911 28 3651</a>.</p>","<h2>Rebar Dia 12mm in Ethiopia</h2><p>Source Rebar Dia 12mm through Conmaret for construction, contractor and project procurement in Addis Ababa and across Ethiopia.</p><h3>Ordering information</h3><ul><li>Category: Concrete</li><li>Confirm size, grade, brand or technical specification before ordering.</li><li>Stock, price, delivery fee and lead time are confirmed before dispatch.</li></ul><p>For a quotation, call or WhatsApp <a href=""https://wa.me/251911283651"">+251 911 28 3651</a> or email <a href=""mailto:manager@conmaret.com"">manager@conmaret.com</a>.</p>",,,taxable,,1,,,0,0,,,,,1,,,1425,Concrete,"Rebar Dia 12mm, Concrete, construction materials Ethiopia, building materials Addis Ababa, Conmaret",,https://conmaret.com/wp-content/uploads/2024/07/photo_2023-08-18_21-32-47.avif,,,,,,,,,131,,,,,,,,,default,,none,,none,inherit,inherit,inherit,after,60,,,,,,default,default,none,,,,,,,,,,,,text,,,,text,,,,,,sync-and-show,Rebar Dia 12mm Ethiopia,,,,,,,,,,,,,,,,,,,,,,,,+251911283651,,,,,,Call or WhatsApp for a quote,tel:+251911283651,,,,,Rebar Dia 12mm in Ethiopia | Conmaret,"Buy or request a quote for Rebar Dia 12mm in Ethiopia from Conmaret. Confirm specifications, stock, delivery and current price. Call +251 911 28 3651.",https://conmaret.com/wp-content/uploads/2024/07/photo_2023-08-18_21-32-47.avif,,"Buy or request a quote for Rebar Dia 12mm in Ethiopia from Conmaret. Confirm specifications, stock, delivery and current price. Call +251 911 28 3651.",,,,,,,,,,,,,,,,,rebar-dia-12mm,,,,Rebar Dia 12mm Ethiopia,,,,Rebar Dia 12mm in Ethiopia | Conmaret,"Buy or request a quote for Rebar Dia 12mm in Ethiopia from Conmaret. Confirm specifications, stock, delivery and current price. Call +251 911 28 3651.",https://conmaret.com/wp-content/uploads/2024/07/photo_2023-08-18_21-32-47.avif,,,,,,,,,,,,,
16353,simple,CON-16353,,Rebar Dia 14mm,1,0,hidden,"<p>Buy or request a quote for <strong>Rebar Dia 14mm</strong> in Ethiopia. Confirm specifications, availability, delivery and current price with Conmaret. Call or WhatsApp <a href=""https://wa.me/251911283651"">+251 911 28 3651</a>.</p>","<h2>Rebar Dia 14mm in Ethiopia</h2><p>Source Rebar Dia 14mm through Conmaret for construction, contractor and project procurement in Addis Ababa and across Ethiopia.</p><h3>Ordering information</h3><ul><li>Category: Concrete</li><li>Confirm size, grade, brand or technical specification before ordering.</li><li>Stock, price, delivery fee and lead time are confirmed before dispatch.</li></ul><p>For a quotation, call or WhatsApp <a href=""https://wa.me/251911283651"">+251 911 28 3651</a> or email <a href=""mailto:manager@conmaret.com"">manager@conmaret.com</a>.</p>",,,taxable,,1,,,0,0,,,,,1,,,1945,Concrete,"Rebar Dia 14mm, Concrete, construction materials Ethiopia, building materials Addis Ababa, Conmaret",,https://conmaret.com/wp-content/uploads/2024/07/photo_2023-08-18_21-32-42.avif,,,,,,,,,132,,,,,,,,,default,,none,,none,inherit,inherit,inherit,after,129,,,,,,default,default,none,,,,,,,,,,,,text,,,,text,,,,,,sync-and-show,Rebar Dia 14mm Ethiopia,,,,,,,,,,,,,,,,,,,,,,,,+251911283651,,,,,,Call or WhatsApp for a quote,tel:+251911283651,,,,,Rebar Dia 14mm in Ethiopia | Conmaret,"Buy or request a quote for Rebar Dia 14mm in Ethiopia from Conmaret. Confirm specifications, stock, delivery and current price. Call +251 911 28 3651.",https://conmaret.com/wp-content/uploads/2024/07/photo_2023-08-18_21-32-42.avif,,"Buy or request a quote for Rebar Dia 14mm in Ethiopia from Conmaret. Confirm specifications, stock, delivery and current price. Call +251 911 28 3651.",,,,,,,,,,,,,,,,,rebar-dia-14mm,,,,Rebar Dia 14mm Ethiopia,,,,Rebar Dia 14mm in Ethiopia | Conmaret,"Buy or request a quote for Rebar Dia 14mm in Ethiopia from Conmaret. Confirm specifications, stock, delivery and current price. Call +251 911 28 3651.",https://conmaret.com/wp-content/uploads/2024/07/photo_2023-08-18_21-32-42.avif,,,,,,,,,,,,,
16354,simple,CON-16354,,Rebar Dia 16mm,1,0,hidden,"<p>Buy or request a quote for <strong>Rebar Dia 16mm</strong> in Ethiopia. Confirm specifications, availability, delivery and current price with Conmaret. Call or WhatsApp <a href=""https://wa.me/251911283651"">+251 911 28 3651</a>.</p>","<h2>Rebar Dia 16mm in Ethiopia</h2><p>Source Rebar Dia 16mm through Conmaret for construction, contractor and project procurement in Addis Ababa and across Ethiopia.</p><h3>Ordering information</h3><ul><li>Category: Concrete</li><li>Confirm size, grade, brand or technical specification before ordering.</li><li>Stock, price, delivery fee and lead time are confirmed before dispatch.</li></ul><p>For a quotation, call or WhatsApp <a href=""https://wa.me/251911283651"">+251 911 28 3651</a> or email <a href=""mailto:manager@conmaret.com"">manager@conmaret.com</a>.</p>",,,taxable,,1,,,0,0,,,,,1,,,2540,Concrete,"Rebar Dia 16mm, Concrete, construction materials Ethiopia, building materials Addis Ababa, Conmaret",,https://conmaret.com/wp-content/uploads/2024/07/16.avif,,,,,,,,,133,,,,,,,,,default,,none,,none,inherit,inherit,inherit,after,82,,,,,,default,default,none,,,,,,,,,,,,text,,,,text,,,,,,sync-and-show,Rebar Dia 16mm Ethiopia,,,,,,,,,,,,,,,,,,,,,,,,+251911283651,,,,,,Call or WhatsApp for a quote,tel:+251911283651,,,,,Rebar Dia 16mm in Ethiopia | Conmaret,"Buy or request a quote for Rebar Dia 16mm in Ethiopia from Conmaret. Confirm specifications, stock, delivery and current price. Call +251 911 28 3651.",https://conmaret.com/wp-content/uploads/2024/07/16.avif,,"Buy or request a quote for Rebar Dia 16mm in Ethiopia from Conmaret. Confirm specifications, stock, delivery and current price. Call +251 911 28 3651.",,,,,,,,,,,,,,,,,rebar-dia-16mm,,,,Rebar Dia 16mm Ethiopia,,,,Rebar Dia 16mm in Ethiopia | Conmaret,"Buy or request a quote for Rebar Dia 16mm in Ethiopia from Conmaret. Confirm specifications, stock, delivery and current price. Call +251 911 28 3651.",https://conmaret.com/wp-content/uploads/2024/07/16.avif,,,,,,,,,,,,,
16552,variable,CON-16552,,ጣውላ,1,0,visible,"<p>Buy or request a quote for <strong>ጣውላ</strong> in Ethiopia. Confirm specifications, availability, delivery and current price with Conmaret. Call or WhatsApp <a href=""https://wa.me/251911283651"">+251 911 28 3651</a>.</p>","<h2>ጣውላ in Ethiopia</h2><p>Source ጣውላ through Conmaret for construction, contractor and project procurement in Addis Ababa and across Ethiopia.</p><h3>Ordering information</h3><ul><li>Category: Concrete</li><li>Confirm size, grade, brand or technical specification before ordering.</li><li>Stock, price, delivery fee and lead time are confirmed before dispatch.</li></ul><p>For a quotation, call or WhatsApp <a href=""https://wa.me/251911283651"">+251 911 28 3651</a> or email <a href=""mailto:manager@conmaret.com"">manager@conmaret.com</a>.</p>",,,taxable,,1,,,0,0,,,,,1,,,,Concrete,"ጣውላ, Concrete, construction materials Ethiopia, building materials Addis Ababa, Conmaret",,"https://conmaret.com/wp-content/uploads/2024/07/timbermainProductImage.avif, https://conmaret.com/wp-content/uploads/2024/07/2-1-1.avif, https://conmaret.com/wp-content/uploads/2024/07/3-1-1.avif, https://conmaret.com/wp-content/uploads/2024/07/4.avif",,,,,,,,,205,,የጣውላ አይነት,"ሻሸመኔ, አዉስትራሊያ",1,0,,,,,,,,,,,,,641,,,,,,,,,,,,,,,,,,,,,,,,,,,,,,sync-and-show,ጣውላ Ethiopia,,,ውፍረት,"0.25, 0.5",1,0,ጣውላ ምንነት,"ሞራሌ, መቃን, ጣውላ",1,0,,,,,,,,,,,,,,+251911283651,,,,,,Call or WhatsApp for a quote,tel:+251911283651,,ሻሸመኔ,0.5,,ጣውላ in Ethiopia | Conmaret,"Buy or request a quote for ጣውላ in Ethiopia from Conmaret. Confirm specifications, stock, delivery and current price. Call +251 911 28 3651.",https://conmaret.com/wp-content/uploads/2024/07/timbermainProductImage.avif,,"Buy or request a quote for ጣውላ in Ethiopia from Conmaret. Confirm specifications, stock, delivery and current price. Call +251 911 28 3651.",classic-editor,,,5,yes,no,no,no,,,ሞራሌ,,,,,,ጣውላ,,,,ጣውላ Ethiopia,,,,ጣውላ in Ethiopia | Conmaret,"Buy or request a quote for ጣውላ in Ethiopia from Conmaret. Confirm specifications, stock, delivery and current price. Call +251 911 28 3651.",https://conmaret.com/wp-content/uploads/2024/07/timbermainProductImage.avif,,,,,,,,,,,,,
16596,simple,CON-16596,,ጄቦልት,1,0,visible,"<p>Buy or request a quote for <strong>ጄቦልት</strong> in Ethiopia. Confirm specifications, availability, delivery and current price with Conmaret. Call or WhatsApp <a href=""https://wa.me/251911283651"">+251 911 28 3651</a>.</p>","<h2>ጄቦልት in Ethiopia</h2><p>Source ጄቦልት through Conmaret for construction, contractor and project procurement in Addis Ababa and across Ethiopia.</p><h3>Ordering information</h3><ul><li>Category: Steel</li><li>Confirm size, grade, brand or technical specification before ordering.</li><li>Stock, price, delivery fee and lead time are confirmed before dispatch.</li></ul><p>For a quotation, call or WhatsApp <a href=""https://wa.me/251911283651"">+251 911 28 3651</a> or email <a href=""mailto:manager@conmaret.com"">manager@conmaret.com</a>.</p>",,,taxable,,1,,,0,0,,,,,1,,,100,Steel,"ጄቦልት, Steel, construction materials Ethiopia, building materials Addis Ababa, Conmaret",,"https://conmaret.com/wp-content/uploads/2024/07/IMG_20230904_182754_312.avif, https://conmaret.com/wp-content/uploads/2024/07/IMG_20230904_182754_312.avif",,,,,,,,,202,,,,,,,,,,,,,,,,,,282,,,,,,,,,,,,,,,,,,,,,,,,,,,,1787194907,synced,sync-and-show,ጄቦልት Ethiopia,,,,,,,,,,,,,,,,,,,,,,,,+251911283651,,,,,,Call or WhatsApp for a quote,tel:+251911283651,,,,,ጄቦልት in Ethiopia | Conmaret,"Buy or request a quote for ጄቦልት in Ethiopia from Conmaret. Confirm specifications, stock, delivery and current price. Call +251 911 28 3651.",https://conmaret.com/wp-content/uploads/2024/07/IMG_20230904_182754_312.avif,,"Buy or request a quote for ጄቦልት in Ethiopia from Conmaret. Confirm specifications, stock, delivery and current price. Call +251 911 28 3651.",,,,16,yes,no,no,no,,,,,,,,,ጄቦልት,,,,ጄቦልት Ethiopia,,,,ጄቦልት in Ethiopia | Conmaret,"Buy or request a quote for ጄቦልት in Ethiopia from Conmaret. Confirm specifications, stock, delivery and current price. Call +251 911 28 3651.",https://conmaret.com/wp-content/uploads/2024/07/IMG_20230904_182754_312.avif,,,,,,,,,,,,,
16597,simple,CON-16597,,የብረታ ብረት ውጤቶች,1,0,visible,"<p>Buy or request a quote for <strong>የብረታ ብረት ውጤቶች</strong> in Ethiopia. Confirm specifications, availability, delivery and current price with Conmaret. Call or WhatsApp <a href=""https://wa.me/251911283651"">+251 911 28 3651</a>.</p>","<h2>የብረታ ብረት ውጤቶች in Ethiopia</h2><p>Source የብረታ ብረት ውጤቶች through Conmaret for construction, contractor and project procurement in Addis Ababa and across Ethiopia.</p><h3>Ordering information</h3><ul><li>Category: Metal</li><li>Confirm size, grade, brand or technical specification before ordering.</li><li>Stock, price, delivery fee and lead time are confirmed before dispatch.</li></ul><p>For a quotation, call or WhatsApp <a href=""https://wa.me/251911283651"">+251 911 28 3651</a> or email <a href=""mailto:manager@conmaret.com"">manager@conmaret.com</a>.</p>",,,taxable,,1,,,0,0,,,,,1,,,,Metal,"የብረታ ብረት ውጤቶች, Metal, construction materials Ethiopia, building materials Addis Ababa, Conmaret",,https://conmaret.com/wp-content/uploads/2024/07/3_20230905_202641_0002-png.avif,,,,,,,,,189,,,,,,,,,,,,,,,,,,372,,,,,,,,,,,,,,,,,,,,,,,,,,,,1784973083,has-errors,sync-and-show,የብረታ ብረት ውጤቶች Ethiopia,,,,,,,,,,,,,,,,,,,,,,,,+251911283651,,,,,,Call or WhatsApp for a quote,tel:+251911283651,cb5d32c248120df0b969ced0f4678893,,,,የብረታ ብረት ውጤቶች in Ethiopia | Conmaret,"Buy or request a quote for የብረታ ብረት ውጤቶች in Ethiopia from Conmaret. Confirm specifications, stock, delivery and current price. Call +251 911 28 3651.",https://conmaret.com/wp-content/uploads/2024/07/3_20230905_202641_0002-png.avif,,"Buy or request a quote for የብረታ ብረት ውጤቶች in Ethiopia from Conmaret. Confirm specifications, stock, delivery and current price. Call +251 911 28 3651.",,,,22,yes,no,no,no,,,,,,,,,የብረታ-ብረት-ውጤቶች,,,,የብረታ ብረት ውጤቶች Ethiopia,,,,የብረታ ብረት ውጤቶች in Ethiopia | Conmaret,"Buy or request a quote for የብረታ ብረት ውጤቶች in Ethiopia from Conmaret. Confirm specifications, stock, delivery and current price. Call +251 911 28 3651.",https://conmaret.com/wp-content/uploads/2024/07/3_20230905_202641_0002-png.avif,,,,,,,,,,,,,
16891,simple,CON-16891,,Gypsum Blocks – Fire-Resistant Partition Material,1,1,visible,"<p>Buy or request a quote for <strong>Gypsum Blocks – Fire-Resistant Partition Material</strong> in Ethiopia. Confirm specifications, availability, delivery and current price with Conmaret. Call or WhatsApp <a href=""https://wa.me/251911283651"">+251 911 28 3651</a>.</p>","<h2>Gypsum Blocks – Fire-Resistant Partition Material in Ethiopia</h2><p>Source Gypsum Blocks – Fire-Resistant Partition Material through Conmaret for construction, contractor and project procurement in Addis Ababa and across Ethiopia.</p><h3>Ordering information</h3><ul><li>Category: Gypsum Board</li><li>Confirm size, grade, brand or technical specification before ordering.</li><li>Stock, price, delivery fee and lead time are confirmed before dispatch.</li></ul><p>For a quotation, call or WhatsApp <a href=""https://wa.me/251911283651"">+251 911 28 3651</a> or email <a href=""mailto:manager@conmaret.com"">manager@conmaret.com</a>.</p>",,,taxable,,1,,,0,0,,,,,1,,420,450,"Gypsum Board, Partition wall","Gypsum Blocks – Fire-Resistant Partition Material, Gypsum Board, construction materials Ethiopia, building materials Addis Ababa, Conmaret",,"https://conmaret.com/wp-content/uploads/2024/07/IMG_20220830_174141_368-jpg.avif, https://conmaret.com/wp-content/uploads/2024/07/IMG_20220830_174134_796-jpg.avif, https://conmaret.com/wp-content/uploads/2024/07/IMG_20220830_174137_075-jpg.avif, https://conmaret.com/wp-content/uploads/2024/07/IMG_20220830_174138_909-jpg.avif",,,,,,,,,88,,,,,,,,,default,,none,,none,inherit,inherit,inherit,after,3016,,,,,,default,default,none,on,,,,,,,,,,,text,,,,text,,,,1787194957,synced,sync-and-show,Gypsum Blocks – Fire-Resistant Partition Material Ethiopia,approved,,,,,,,,,,,,,,,,,,,,,,,+251911283651,,218,,90,1,Call or WhatsApp for a quote,tel:+251911283651,,,,,Gypsum Blocks – Fire-Resistant Partition Material in Ethiopia | Conmaret,"Buy or request a quote for Gypsum Blocks – Fire-Resistant Partition Material in Ethiopia from Conmaret. Confirm specifications, stock, delivery and current",https://conmaret.com/wp-content/uploads/2024/07/IMG_20220830_174141_368-jpg.avif,,"Buy or request a quote for Gypsum Blocks – Fire-Resistant Partition Material in Ethiopia from Conmaret. Confirm specifications, stock, delivery and current",classic-editor,,,,,,,,,40,,,,,,,gypsum-blocks-fire-resistant-partition-material,,,,Gypsum Blocks – Fire-Resistant Partition Material Ethiopia,,,2024-09-28 17:21:12,Gypsum Blocks – Fire-Resistant Partition Material in Ethiopia | Conmaret,"Buy or request a quote for Gypsum Blocks – Fire-Resistant Partition Material in Ethiopia from Conmaret. Confirm specifications, stock, delivery and current",https://conmaret.com/wp-content/uploads/2024/07/IMG_20220830_174141_368-jpg.avif,,,,,,,,,,,,,
16899,simple,CON-16899,,Power blue nile wire 1.5,1,0,visible,"<p>Buy or request a quote for <strong>Power blue nile wire 1.5</strong> in Ethiopia. Confirm specifications, availability, delivery and current price with Conmaret. Call or WhatsApp <a href=""https://wa.me/251911283651"">+251 911 28 3651</a>.</p>","<h2>Power blue nile wire 1.5 in Ethiopia</h2><p>Source Power blue nile wire 1.5 through Conmaret for construction, contractor and project procurement in Addis Ababa and across Ethiopia.</p><h3>Ordering information</h3><ul><li>Category: Finishing Works</li><li>Confirm size, grade, brand or technical specification before ordering.</li><li>Stock, price, delivery fee and lead time are confirmed before dispatch.</li></ul><p>For a quotation, call or WhatsApp <a href=""https://wa.me/251911283651"">+251 911 28 3651</a> or email <a href=""mailto:manager@conmaret.com"">manager@conmaret.com</a>.</p>",,,taxable,,1,,,0,0,,,,,1,,,1950,Finishing Works,"Power blue nile wire 1.5, Finishing Works, construction materials Ethiopia, building materials Addis Ababa, Conmaret",,https://conmaret.com/wp-content/uploads/2024/07/IMG_20231227_124320_399-jpg.avif,,,,,,,,,121,,,,,,,,,,,,,,,,,,788,,,,,,,,,,,,,,,,,,,,,,,,,,,,1787194957,synced,sync-and-show,Power blue nile wire 1.5 Ethiopia,approved,,,,,,,,,,,,,,,,,,,,,,,+251911283651,,,,,,Call or WhatsApp for a quote,tel:+251911283651,,,,,Power blue nile wire 1.5 in Ethiopia | Conmaret,"Buy or request a quote for Power blue nile wire 1.5 in Ethiopia from Conmaret. Confirm specifications, stock, delivery and current price. Call +251 911 28 ",https://conmaret.com/wp-content/uploads/2024/07/IMG_20231227_124320_399-jpg.avif,,"Buy or request a quote for Power blue nile wire 1.5 in Ethiopia from Conmaret. Confirm specifications, stock, delivery and current price. Call +251 911 28 ",,,,94,yes,no,no,no,,,,,,,,,power-blue-nile-wire-1-5,,,,Power blue nile wire 1.5 Ethiopia,,,,Power blue nile wire 1.5 in Ethiopia | Conmaret,"Buy or request a quote for Power blue nile wire 1.5 in Ethiopia from Conmaret. Confirm specifications, stock, delivery and current price. Call +251 911 28 ",https://conmaret.com/wp-content/uploads/2024/07/IMG_20231227_124320_399-jpg.avif,,,,,,,,,,,,,
16901,simple,CON-16901,,Construction chemical,1,0,visible,"<p>Buy or request a quote for <strong>Construction chemical</strong> in Ethiopia. Confirm specifications, availability, delivery and current price with Conmaret. Call or WhatsApp <a href=""https://wa.me/251911283651"">+251 911 28 3651</a>.</p>","<h2>Construction chemical in Ethiopia</h2><p>Source Construction chemical through Conmaret for construction, contractor and project procurement in Addis Ababa and across Ethiopia.</p><h3>Ordering information</h3><ul><li>Category: chemical</li><li>Confirm size, grade, brand or technical specification before ordering.</li><li>Stock, price, delivery fee and lead time are confirmed before dispatch.</li></ul><p>For a quotation, call or WhatsApp <a href=""https://wa.me/251911283651"">+251 911 28 3651</a> or email <a href=""mailto:manager@conmaret.com"">manager@conmaret.com</a>.</p>",,,taxable,,1,,,0,0,,,,,1,,3500,5000,chemical,"Construction chemical, chemical, construction materials Ethiopia, building materials Addis Ababa, Conmaret",,https://conmaret.com/wp-content/uploads/2024/07/IMG_20240131_185403_094-jpg.avif,,,,,,,,,45,,,,,,,,,,,,,,,,,,318,,,,,,,,,,,,,,,,,,,,,,,,,,,,1787194958,synced,sync-and-show,Construction chemical Ethiopia,approved,,,,,,,,,,,,,,,,,,,,,,,+251911283651,,,,,,Call or WhatsApp for a quote,tel:+251911283651,,,,,Construction chemical in Ethiopia | Conmaret,"Buy or request a quote for Construction chemical in Ethiopia from Conmaret. Confirm specifications, stock, delivery and current price. Call +251 911 28 365",https://conmaret.com/wp-content/uploads/2024/07/IMG_20240131_185403_094-jpg.avif,,"Buy or request a quote for Construction chemical in Ethiopia from Conmaret. Confirm specifications, stock, delivery and current price. Call +251 911 28 365",,,,103,yes,no,no,no,,,,,,,,,construction-chemical,,,,Construction chemical Ethiopia,,,,Construction chemical in Ethiopia | Conmaret,"Buy or request a quote for Construction chemical in Ethiopia from Conmaret. Confirm specifications, stock, delivery and current price. Call +251 911 28 365",https://conmaret.com/wp-content/uploads/2024/07/IMG_20240131_185403_094-jpg.avif,,,,,,,,,,,,,
17068,simple,CON-17068,,ክብ ትቦ CHS,1,0,visible,"<p>Buy or request a quote for <strong>ክብ ትቦ CHS</strong> in Ethiopia. Confirm specifications, availability, delivery and current price with Conmaret. Call or WhatsApp <a href=""https://wa.me/251911283651"">+251 911 28 3651</a>.</p>","<h2>ክብ ትቦ CHS in Ethiopia</h2><p>Source ክብ ትቦ CHS through Conmaret for construction, contractor and project procurement in Addis Ababa and across Ethiopia.</p><h3>Ordering information</h3><ul><li>Category: Construction Materials</li><li>Confirm size, grade, brand or technical specification before ordering.</li><li>Stock, price, delivery fee and lead time are confirmed before dispatch.</li></ul><p>For a quotation, call or WhatsApp <a href=""https://wa.me/251911283651"">+251 911 28 3651</a> or email <a href=""mailto:manager@conmaret.com"">manager@conmaret.com</a>.</p>",,,taxable,,1,,,0,0,,,,,1,,,,,"ክብ ትቦ CHS, Construction Materials, construction materials Ethiopia, building materials Addis Ababa, Conmaret",,,,,,,,,,,188,,,,,,,,,,,,,,,,,,85,,,,,,,,,,,,,,,,,,,,,,,,,,,,1784973160,has-errors,sync-and-show,ክብ ትቦ CHS Ethiopia,disapproved,,,,,,,,,,,,,,,,,,,,,,,+251911283651,,,,,,Call or WhatsApp for a quote,tel:+251911283651,8a11248a717062d0293c810f1ae68e1e,,,,ክብ ትቦ CHS in Ethiopia | Conmaret,"Buy or request a quote for ክብ ትቦ CHS in Ethiopia from Conmaret. Confirm specifications, stock, delivery and current price. Call +251 911 28 3651.",,,"Buy or request a quote for ክብ ትቦ CHS in Ethiopia from Conmaret. Confirm specifications, stock, delivery and current price. Call +251 911 28 3651.",,,,,,,,,,,,,,,,,ክብ-ትቦ-chs,,,,ክብ ትቦ CHS Ethiopia,,,,ክብ ትቦ CHS in Ethiopia | Conmaret,"Buy or request a quote for ክብ ትቦ CHS in Ethiopia from Conmaret. Confirm specifications, stock, delivery and current price. Call +251 911 28 3651.",,,,,,,,,,,,,,
17191,variable,CON-17191,,H Beam ኤች ቢም,1,0,visible,"<p>Buy or request a quote for <strong>H Beam ኤች ቢም</strong> in Ethiopia. Confirm specifications, availability, delivery and current price with Conmaret. Call or WhatsApp <a href=""https://wa.me/251911283651"">+251 911 28 3651</a>.</p>","<h2>H Beam ኤች ቢም in Ethiopia</h2><p>Source H Beam ኤች ቢም through Conmaret for construction, contractor and project procurement in Addis Ababa and across Ethiopia.</p><h3>Ordering information</h3><ul><li>Category: Metal</li><li>Confirm size, grade, brand or technical specification before ordering.</li><li>Stock, price, delivery fee and lead time are confirmed before dispatch.</li></ul><p>For a quotation, call or WhatsApp <a href=""https://wa.me/251911283651"">+251 911 28 3651</a> or email <a href=""mailto:manager@conmaret.com"">manager@conmaret.com</a>.</p>",,,taxable,,1,,,0,0,,,,,1,,,,"Metal, Steel","H Beam ኤች ቢም, Metal, construction materials Ethiopia, building materials Addis Ababa, Conmaret",,https://conmaret.com/wp-content/uploads/2024/07/12-png.avif,,,,,,,,,91,,የቢሙ ሳይዝ,"150x150, 200x200",1,0,,,,default,,none,,none,inherit,inherit,inherit,after,605,,,,,,default,default,none,on,,,,,,,,,,,text,,,,text,,,,1787195014,synced,sync-and-show,H Beam ኤች ቢም Ethiopia,approved,,የቢሙ ቲክነስ,"7, 8",1,0,,,,,,,,,,,,,,,,,,+251911283651,,117,,90,0,Call or WhatsApp for a quote,tel:+251911283651,,,,,H Beam ኤች ቢም in Ethiopia | Conmaret,"Buy or request a quote for H Beam ኤች ቢም in Ethiopia from Conmaret. Confirm specifications, stock, delivery and current price. Call +251 911 28 3651.",https://conmaret.com/wp-content/uploads/2024/07/12-png.avif,17803,"Buy or request a quote for H Beam ኤች ቢም in Ethiopia from Conmaret. Confirm specifications, stock, delivery and current price. Call +251 911 28 3651.",classic-editor,,,,,,,,,,,,,,,,h-beam-ኤች-ቢም,,,,H Beam ኤች ቢም Ethiopia,,,,H Beam ኤች ቢም in Ethiopia | Conmaret,"Buy or request a quote for H Beam ኤች ቢም in Ethiopia from Conmaret. Confirm specifications, stock, delivery and current price. Call +251 911 28 3651.",https://conmaret.com/wp-content/uploads/2024/07/12-png.avif,,,,,,,,,,,,,
17196,simple,CON-17196,,ቶንዲኖ Tondino,1,0,visible,"<p>Buy or request a quote for <strong>ቶንዲኖ Tondino</strong> in Ethiopia. Confirm specifications, availability, delivery and current price with Conmaret. Call or WhatsApp <a href=""https://wa.me/251911283651"">+251 911 28 3651</a>.</p>","<h2>ቶንዲኖ Tondino in Ethiopia</h2><p>Source ቶንዲኖ Tondino through Conmaret for construction, contractor and project procurement in Addis Ababa and across Ethiopia.</p><h3>Ordering information</h3><ul><li>Category: Concrete</li><li>Confirm size, grade, brand or technical specification before ordering.</li><li>Stock, price, delivery fee and lead time are confirmed before dispatch.</li></ul><p>For a quotation, call or WhatsApp <a href=""https://wa.me/251911283651"">+251 911 28 3651</a> or email <a href=""mailto:manager@conmaret.com"">manager@conmaret.com</a>.</p>",,,taxable,,1,,,0,0,,,,,1,,,,Concrete,"ቶንዲኖ Tondino, Concrete, construction materials Ethiopia, building materials Addis Ababa, Conmaret",,https://conmaret.com/wp-content/uploads/2024/07/10-png.avif,,,,,,,,,180,,,,,,,,,default,,none,,none,inherit,inherit,inherit,after,810,,,,,,default,default,none,on,,,,,,,,,,,text,,,,text,,,,1784973165,has-errors,sync-and-show,ቶንዲኖ Tondino Ethiopia,,,,,,,,,,,,,,,,,,,,,,,,+251911283651,,,,90,0,Call or WhatsApp for a quote,tel:+251911283651,744bd15407137d50394516fb5470d431,,,,ቶንዲኖ Tondino in Ethiopia | Conmaret,"Buy or request a quote for ቶንዲኖ Tondino in Ethiopia from Conmaret. Confirm specifications, stock, delivery and current price. Call +251 911 28 3651.",https://conmaret.com/wp-content/uploads/2024/07/10-png.avif,17801,"Buy or request a quote for ቶንዲኖ Tondino in Ethiopia from Conmaret. Confirm specifications, stock, delivery and current price. Call +251 911 28 3651.",classic-editor,,,,,,,,,,,,,,,,ቶንዲኖ-tondino,,,,ቶንዲኖ Tondino Ethiopia,,,,ቶንዲኖ Tondino in Ethiopia | Conmaret,"Buy or request a quote for ቶንዲኖ Tondino in Ethiopia from Conmaret. Confirm specifications, stock, delivery and current price. Call +251 911 28 3651.",https://conmaret.com/wp-content/uploads/2024/07/10-png.avif,,,,,,,,,,,,,
17197,variable,CON-17197,,አይ ቢም I Beam,1,0,visible,"<p>Buy or request a quote for <strong>አይ ቢም I Beam</strong> in Ethiopia. Confirm specifications, availability, delivery and current price with Conmaret. Call or WhatsApp <a href=""https://wa.me/251911283651"">+251 911 28 3651</a>.</p>","<h2>አይ ቢም I Beam in Ethiopia</h2><p>Source አይ ቢም I Beam through Conmaret for construction, contractor and project procurement in Addis Ababa and across Ethiopia.</p><h3>Ordering information</h3><ul><li>Category: Metal</li><li>Confirm size, grade, brand or technical specification before ordering.</li><li>Stock, price, delivery fee and lead time are confirmed before dispatch.</li></ul><p>For a quotation, call or WhatsApp <a href=""https://wa.me/251911283651"">+251 911 28 3651</a> or email <a href=""mailto:manager@conmaret.com"">manager@conmaret.com</a>.</p>",,,taxable,,1,,,0,0,,,,,1,,,,"Metal, Steel","አይ ቢም I Beam, Metal, construction materials Ethiopia, building materials Addis Ababa, Conmaret",,https://conmaret.com/wp-content/uploads/2024/07/12-png.avif,,,,,,,,,184,,የቢሙ ሳይዝ,"160 x 75, 200 x 95, 140 x 60, 120 x 55",1,0,,,,default,,none,,none,inherit,inherit,inherit,after,581,,,,,,default,default,none,,,,,,,,,,,,text,,,,text,,,,1787195015,synced,sync-and-show,አይ ቢም I Beam Ethiopia,approved,,የቢሙ ውፍረት,"5, 6",1,0,,,,,,,,,,,,,,,,,,+251911283651,,117,,90,0,Call or WhatsApp for a quote,tel:+251911283651,,,,,አይ ቢም I Beam in Ethiopia | Conmaret,"Buy or request a quote for አይ ቢም I Beam in Ethiopia from Conmaret. Confirm specifications, stock, delivery and current price. Call +251 911 28 3651.",https://conmaret.com/wp-content/uploads/2024/07/12-png.avif,17798,"Buy or request a quote for አይ ቢም I Beam in Ethiopia from Conmaret. Confirm specifications, stock, delivery and current price. Call +251 911 28 3651.",classic-editor,,,,,,,,,,,,,,,,አይ-ቢም-i-beam,,,,አይ ቢም I Beam Ethiopia,,,,አይ ቢም I Beam in Ethiopia | Conmaret,"Buy or request a quote for አይ ቢም I Beam in Ethiopia from Conmaret. Confirm specifications, stock, delivery and current price. Call +251 911 28 3651.",https://conmaret.com/wp-content/uploads/2024/07/12-png.avif,,,,,,,,,,,,,
17206,variable,CON-17206,,ዩ ቻናል U Channel,1,0,visible,"<p>Buy or request a quote for <strong>ዩ ቻናል U Channel</strong> in Ethiopia. Confirm specifications, availability, delivery and current price with Conmaret. Call or WhatsApp <a href=""https://wa.me/251911283651"">+251 911 28 3651</a>.</p>","<h2>ዩ ቻናል U Channel in Ethiopia</h2><p>Source ዩ ቻናል U Channel through Conmaret for construction, contractor and project procurement in Addis Ababa and across Ethiopia.</p><h3>Ordering information</h3><ul><li>Category: Metal</li><li>Confirm size, grade, brand or technical specification before ordering.</li><li>Stock, price, delivery fee and lead time are confirmed before dispatch.</li></ul><p>For a quotation, call or WhatsApp <a href=""https://wa.me/251911283651"">+251 911 28 3651</a> or email <a href=""mailto:manager@conmaret.com"">manager@conmaret.com</a>.</p>",,,taxable,,1,,,0,0,,,,,1,,,,"Metal, Steel","ዩ ቻናል U Channel, Metal, construction materials Ethiopia, building materials Addis Ababa, Conmaret",,https://conmaret.com/wp-content/uploads/2024/07/6-png.avif,,,,,,,,,201,,የቻናሉ ሳይዝ,"100 x 50, 120 x 50, 140 x 55, 60 x 65, 200 x 72",1,0,,,,default,,none,,none,inherit,inherit,inherit,after,861,,,,,,default,default,none,,,,,,,,,,,,text,,,,text,,,,1787195018,synced,sync-and-show,ዩ ቻናል U Channel Ethiopia,approved,,የቻናሉ ውፍረት,"4, 5, 2006",1,0,,,,,,,,,,,,,,,,,,+251911283651,,117,,90,0,Call or WhatsApp for a quote,tel:+251911283651,,,,,ዩ ቻናል U Channel in Ethiopia | Conmaret,"Buy or request a quote for ዩ ቻናል U Channel in Ethiopia from Conmaret. Confirm specifications, stock, delivery and current price. Call +251 911 28 3651.",https://conmaret.com/wp-content/uploads/2024/07/6-png.avif,17797,"Buy or request a quote for ዩ ቻናል U Channel in Ethiopia from Conmaret. Confirm specifications, stock, delivery and current price. Call +251 911 28 3651.",classic-editor,,,,,,,,,,,,,,,,ዩ-ቻናል-u-channel,,,,ዩ ቻናል U Channel Ethiopia,,,,ዩ ቻናል U Channel in Ethiopia | Conmaret,"Buy or request a quote for ዩ ቻናል U Channel in Ethiopia from Conmaret. Confirm specifications, stock, delivery and current price. Call +251 911 28 3651.",https://conmaret.com/wp-content/uploads/2024/07/6-png.avif,,,,,,,,,,,,,
17229,simple,CON-17229,,ፍላት አይረን Flat Iron,1,1,visible,"<p>Buy or request a quote for <strong>ፍላት አይረን Flat Iron</strong> in Ethiopia. Confirm specifications, availability, delivery and current price with Conmaret. Call or WhatsApp <a href=""https://wa.me/251911283651"">+251 911 28 3651</a>.</p>","<h2>ፍላት አይረን Flat Iron in Ethiopia</h2><p>Source ፍላት አይረን Flat Iron through Conmaret for construction, contractor and project procurement in Addis Ababa and across Ethiopia.</p><h3>Ordering information</h3><ul><li>Category: Metal</li><li>Confirm size, grade, brand or technical specification before ordering.</li><li>Stock, price, delivery fee and lead time are confirmed before dispatch.</li></ul><p>For a quotation, call or WhatsApp <a href=""https://wa.me/251911283651"">+251 911 28 3651</a> or email <a href=""mailto:manager@conmaret.com"">manager@conmaret.com</a>.</p>",,,taxable,,1,,,0,0,,,,,1,,,250,"Metal, Steel","ፍላት አይረን Flat Iron, Metal, construction materials Ethiopia, building materials Addis Ababa, Conmaret",,https://conmaret.com/wp-content/uploads/2024/07/9-png.avif,,,,,,,,,207,,,,,,,,,default,,none,,none,inherit,inherit,inherit,after,536,,,,,,default,default,none,,,,,,,,,,,,text,,,,text,,,,1787195018,synced,sync-and-show,ፍላት አይረን Flat Iron Ethiopia,approved,,,,,,,,,,,,,,,,,,,,,,,+251911283651,,117,,90,1,Call or WhatsApp for a quote,tel:+251911283651,,,,,ፍላት አይረን Flat Iron in Ethiopia | Conmaret,"Buy or request a quote for ፍላት አይረን Flat Iron in Ethiopia from Conmaret. Confirm specifications, stock, delivery and current price. Call +251 911 28 3651.",https://conmaret.com/wp-content/uploads/2024/07/9-png.avif,17800,"Buy or request a quote for ፍላት አይረን Flat Iron in Ethiopia from Conmaret. Confirm specifications, stock, delivery and current price. Call +251 911 28 3651.",classic-editor,,,,,,,,,,,,,,,,ፍላት-አይረን-flat-iron,,,,ፍላት አይረን Flat Iron Ethiopia,,,,ፍላት አይረን Flat Iron in Ethiopia | Conmaret,"Buy or request a quote for ፍላት አይረን Flat Iron in Ethiopia from Conmaret. Confirm specifications, stock, delivery and current price. Call +251 911 28 3651.",https://conmaret.com/wp-content/uploads/2024/07/9-png.avif,,,,,,,,,,,,,
17230,simple,CON-17230,,Granite ግራናይት,1,1,visible,"<p>Buy or request a quote for <strong>Granite ግራናይት</strong> in Ethiopia. Confirm specifications, availability, delivery and current price with Conmaret. Call or WhatsApp <a href=""https://wa.me/251911283651"">+251 911 28 3651</a>.</p>","<h2>Granite ግራናይት in Ethiopia</h2><p>Source Granite ግራናይት through Conmaret for construction, contractor and project procurement in Addis Ababa and across Ethiopia.</p><h3>Ordering information</h3><ul><li>Category: Granite and Marble</li><li>Confirm size, grade, brand or technical specification before ordering.</li><li>Stock, price, delivery fee and lead time are confirmed before dispatch.</li></ul><p>For a quotation, call or WhatsApp <a href=""https://wa.me/251911283651"">+251 911 28 3651</a> or email <a href=""mailto:manager@conmaret.com"">manager@conmaret.com</a>.</p>",,,taxable,,1,,,0,0,,,,,1,,,8500,Granite and Marble,"Granite ግራናይት, Granite and Marble, construction materials Ethiopia, building materials Addis Ababa, Conmaret",,"https://conmaret.com/wp-content/uploads/2024/07/IMG_20240217_204842_757-jpg.avif, https://conmaret.com/wp-content/uploads/2024/07/IMG_20240217_204842_315-jpg.avif, https://conmaret.com/wp-content/uploads/2024/07/IMG_20240217_204842_757-jpg.avif",,,,,,,,,84,,,,,,,,,default,,none,,none,inherit,inherit,inherit,after,930,,,,,,default,default,none,on,,product_tag,,,,,,,,,text,,,,text,,,,1787195018,synced,sync-and-show,Granite ግራናይት Ethiopia,approved,,,,,,,,,,,,,,,,,,,,,,,+251911283651,,20,,90,1,Call or WhatsApp for a quote,tel:+251911283651,,,,,Granite ግራናይት in Ethiopia | Conmaret,"Buy or request a quote for Granite ግራናይት in Ethiopia from Conmaret. Confirm specifications, stock, delivery and current price. Call +251 911 28 3651.",https://conmaret.com/wp-content/uploads/2024/07/IMG_20240217_204842_757-jpg.avif,17852,"Buy or request a quote for Granite ግራናይት in Ethiopia from Conmaret. Confirm specifications, stock, delivery and current price. Call +251 911 28 3651.",classic-editor,,,,,,,,,,,,,,,,granite-ግራናይት,,,,Granite ግራናይት Ethiopia,,,2024-09-28 17:14:09,Granite ግራናይት in Ethiopia | Conmaret,"Buy or request a quote for Granite ግራናይት in Ethiopia from Conmaret. Confirm specifications, stock, delivery and current price. Call +251 911 28 3651.",https://conmaret.com/wp-content/uploads/2024/07/IMG_20240217_204842_757-jpg.avif,,,,,,,,,,,,,
17542,simple,CON-17542,,Metal Doors Tamburata,1,0,visible,"<p>Buy or request a quote for <strong>Metal Doors Tamburata</strong> in Ethiopia. Confirm specifications, availability, delivery and current price with Conmaret. Call or WhatsApp <a href=""https://wa.me/251911283651"">+251 911 28 3651</a>.</p>","<h2>Metal Doors Tamburata in Ethiopia</h2><p>Source Metal Doors Tamburata through Conmaret for construction, contractor and project procurement in Addis Ababa and across Ethiopia.</p><h3>Ordering information</h3><ul><li>Category: Doors</li><li>Confirm size, grade, brand or technical specification before ordering.</li><li>Stock, price, delivery fee and lead time are confirmed before dispatch.</li></ul><p>For a quotation, call or WhatsApp <a href=""https://wa.me/251911283651"">+251 911 28 3651</a> or email <a href=""mailto:manager@conmaret.com"">manager@conmaret.com</a>.</p>",,,taxable,,1,,,0,0,,,,,1,,,,Doors,"Metal Doors Tamburata, Doors, construction materials Ethiopia, building materials Addis Ababa, Conmaret",,"https://conmaret.com/wp-content/uploads/2024/07/photo_2024-07-08_02-48-43.avif, https://conmaret.com/wp-content/uploads/2024/07/photo_2024-07-08_02-48-41-e1720433694849.avif, https://conmaret.com/wp-content/uploads/2024/07/photo_2024-07-08_02-48-39.avif, https://conmaret.com/wp-content/uploads/2024/07/photo_2024-07-08_02-48-38.avif, https://conmaret.com/wp-content/uploads/2024/07/photo_2024-07-08_02-48-36.avif, https://conmaret.com/wp-content/uploads/2024/07/photo_2024-07-08_02-48-33.avif, https://conmaret.com/wp-content/uploads/2024/07/photo_2024-07-08_02-48-31.avif, https://conmaret.com/wp-content/uploads/2024/07/photo_2024-07-08_02-48-28.avif, https://conmaret.com/wp-content/uploads/2024/07/photo_2024-07-08_02-47-51.avif",,,,,,,,,106,,,,,,,,,default,,none,,none,inherit,inherit,inherit,after,865,,,,,,default,default,none,,,,,,,,,,,,text,,,,text,,,,1784973173,has-errors,sync-and-show,Metal Doors Tamburata Ethiopia,,,,,,,,,,,,,,,,,,,,,,,,+251911283651,,206,,90,1,Call or WhatsApp for a quote,tel:+251911283651,0f3abe2a484c50f68f542985b30b69fd,,,,Metal Doors Tamburata in Ethiopia | Conmaret,"Buy or request a quote for Metal Doors Tamburata in Ethiopia from Conmaret. Confirm specifications, stock, delivery and current price. Call +251 911 28 365",https://conmaret.com/wp-content/uploads/2024/07/photo_2024-07-08_02-48-43.avif,17550,"Buy or request a quote for Metal Doors Tamburata in Ethiopia from Conmaret. Confirm specifications, stock, delivery and current price. Call +251 911 28 365",,,,,,,,,,,,,,,,,metal-doors-tamburata,,,,Metal Doors Tamburata Ethiopia,,,2024-09-28 17:17:22,Metal Doors Tamburata in Ethiopia | Conmaret,"Buy or request a quote for Metal Doors Tamburata in Ethiopia from Conmaret. Confirm specifications, stock, delivery and current price. Call +251 911 28 365",https://conmaret.com/wp-content/uploads/2024/07/photo_2024-07-08_02-48-43.avif,,,,,,,,,,,,,
17585,simple,CON-17585,,Victor Doors,1,0,visible,"<p>Buy or request a quote for <strong>Victor Doors</strong> in Ethiopia. Confirm specifications, availability, delivery and current price with Conmaret. Call or WhatsApp <a href=""https://wa.me/251911283651"">+251 911 28 3651</a>.</p>","<h2>Victor Doors in Ethiopia</h2><p>Source Victor Doors through Conmaret for construction, contractor and project procurement in Addis Ababa and across Ethiopia.</p><h3>Ordering information</h3><ul><li>Category: Doors</li><li>Confirm size, grade, brand or technical specification before ordering.</li><li>Stock, price, delivery fee and lead time are confirmed before dispatch.</li></ul><p>For a quotation, call or WhatsApp <a href=""https://wa.me/251911283651"">+251 911 28 3651</a> or email <a href=""mailto:manager@conmaret.com"">manager@conmaret.com</a>.</p>",,,taxable,,1,,,0,0,,,,,1,,,,Doors,"Victor Doors, Doors, construction materials Ethiopia, building materials Addis Ababa, Conmaret",,"https://conmaret.com/wp-content/uploads/2024/07/1720023364_1.avif, https://conmaret.com/wp-content/uploads/2024/07/1720023363_0.avif",,,,,,,,,0,,,,,,,,,default,,none,,none,inherit,inherit,inherit,after,1467,,,,,,default,default,none,,,,,,,,,,,,text,,,,text,,,,1784973173,has-errors,sync-and-show,Victor Doors Ethiopia,disapproved,,,,,,,,,,,,,,,,,,,,,,,+251911283651,,206,,90,1,Call or WhatsApp for a quote,tel:+251911283651,68a87d61e00b06f65bd694860a16ca4f,,,,Victor Doors in Ethiopia | Conmaret,"Buy or request a quote for Victor Doors in Ethiopia from Conmaret. Confirm specifications, stock, delivery and current price. Call +251 911 28 3651.",https://conmaret.com/wp-content/uploads/2024/07/1720023364_1.avif,17508,"Buy or request a quote for Victor Doors in Ethiopia from Conmaret. Confirm specifications, stock, delivery and current price. Call +251 911 28 3651.",,,,,,,,,,,,,,,,,victor-doors,,,,Victor Doors Ethiopia,,,,Victor Doors in Ethiopia | Conmaret,"Buy or request a quote for Victor Doors in Ethiopia from Conmaret. Confirm specifications, stock, delivery and current price. Call +251 911 28 3651.",https://conmaret.com/wp-content/uploads/2024/07/1720023364_1.avif,,,,,,,,,,,,,
17590,simple,CON-17590,,FJ Construction Engineering,1,0,visible,"<p>Buy or request a quote for <strong>FJ Construction Engineering</strong> in Ethiopia. Confirm specifications, availability, delivery and current price with Conmaret. Call or WhatsApp <a href=""https://wa.me/251911283651"">+251 911 28 3651</a>.</p>","<h2>FJ Construction Engineering in Ethiopia</h2><p>Source FJ Construction Engineering through Conmaret for construction, contractor and project procurement in Addis Ababa and across Ethiopia.</p><h3>Ordering information</h3><ul><li>Category: Contructors</li><li>Confirm size, grade, brand or technical specification before ordering.</li><li>Stock, price, delivery fee and lead time are confirmed before dispatch.</li></ul><p>For a quotation, call or WhatsApp <a href=""https://wa.me/251911283651"">+251 911 28 3651</a> or email <a href=""mailto:manager@conmaret.com"">manager@conmaret.com</a>.</p>",,,taxable,,1,,,0,0,,,,,1,,,,Contructors,"FJ Construction Engineering, Contructors, construction materials Ethiopia, building materials Addis Ababa, Conmaret",,"https://conmaret.com/wp-content/uploads/2024/07/contructor.avif, https://conmaret.com/wp-content/uploads/2024/07/contructor.avif",,,,,,,,,0,,,,,,,,,default,,none,,none,inherit,inherit,inherit,after,144,,,,,,default,default,none,,,,,,,,,,,,text,,,,text,,,,1784973173,has-errors,sync-and-show,FJ Construction Engineering Ethiopia,,,,,,,,,,,,,,,,,,,,,,,,+251911283651,,201,,90,1,Call or WhatsApp for a quote,tel:+251911283651,b2f4ec5a8d82bbd2c19cccff71111189,,,,FJ Construction Engineering in Ethiopia | Conmaret,"Buy or request a quote for FJ Construction Engineering in Ethiopia from Conmaret. Confirm specifications, stock, delivery and current price. Call +251 911 ",https://conmaret.com/wp-content/uploads/2024/07/contructor.avif,17593,"Buy or request a quote for FJ Construction Engineering in Ethiopia from Conmaret. Confirm specifications, stock, delivery and current price. Call +251 911 ",,,,,,,,,,,,,,,,,fj-construction-engineering,,,,FJ Construction Engineering Ethiopia,,,,FJ Construction Engineering in Ethiopia | Conmaret,"Buy or request a quote for FJ Construction Engineering in Ethiopia from Conmaret. Confirm specifications, stock, delivery and current price. Call +251 911 ",https://conmaret.com/wp-content/uploads/2024/07/contructor.avif,,,,,,,,,,,,,
17646,simple,CON-17646,,CGI roofing sheet,1,0,visible,"<p>Buy or request a quote for <strong>CGI roofing sheet</strong> in Ethiopia. Confirm specifications, availability, delivery and current price with Conmaret. Call or WhatsApp <a href=""https://wa.me/251911283651"">+251 911 28 3651</a>.</p>","<h2>CGI roofing sheet in Ethiopia</h2><p>Source CGI roofing sheet through Conmaret for construction, contractor and project procurement in Addis Ababa and across Ethiopia.</p><h3>Ordering information</h3><ul><li>Category: Roofing Metal Sheets</li><li>Confirm size, grade, brand or technical specification before ordering.</li><li>Stock, price, delivery fee and lead time are confirmed before dispatch.</li></ul><p>For a quotation, call or WhatsApp <a href=""https://wa.me/251911283651"">+251 911 28 3651</a> or email <a href=""mailto:manager@conmaret.com"">manager@conmaret.com</a>.</p>",,,taxable,vat-15,1,,,0,0,6,,,,1,,970,980,Roofing Metal Sheets,"CGI roofing sheet, Roofing Metal Sheets, construction materials Ethiopia, building materials Addis Ababa, Conmaret",Korkoro,https://conmaret.com/wp-content/uploads/2024/08/IMG_20230331_233550_684.avif,,,,,,,,,0,,,,,,,,,,,,,,,,,,626,,,,,,,,,,,,,,,,,,,,,,,,,,,,1787195018,synced,sync-and-show,CGI roofing sheet Ethiopia,approved,,,,,,,,,,,,,,,,,,,,,,,+251911283651,,,,,,Call or WhatsApp for a quote,tel:+251911283651,,,,,CGI roofing sheet in Ethiopia | Conmaret,"Buy or request a quote for CGI roofing sheet in Ethiopia from Conmaret. Confirm specifications, stock, delivery and current price. Call +251 911 28 3651.",https://conmaret.com/wp-content/uploads/2024/08/IMG_20230331_233550_684.avif,,"Buy or request a quote for CGI roofing sheet in Ethiopia from Conmaret. Confirm specifications, stock, delivery and current price. Call +251 911 28 3651.",,,,210,yes,no,no,no,,,,,,,,,cgi-roofing-sheet,,,,CGI roofing sheet Ethiopia,,,,CGI roofing sheet in Ethiopia | Conmaret,"Buy or request a quote for CGI roofing sheet in Ethiopia from Conmaret. Confirm specifications, stock, delivery and current price. Call +251 911 28 3651.",https://conmaret.com/wp-content/uploads/2024/08/IMG_20230331_233550_684.avif,,,,,,,,,,,,,
18137,variable,CON-18137,,ዩ ቻናል U Channel,1,0,visible,"<p>Buy or request a quote for <strong>ዩ ቻናል U Channel</strong> in Ethiopia. Confirm specifications, availability, delivery and current price with Conmaret. Call or WhatsApp <a href=""https://wa.me/251911283651"">+251 911 28 3651</a>.</p>","<h2>ዩ ቻናል U Channel in Ethiopia</h2><p>Source ዩ ቻናል U Channel through Conmaret for construction, contractor and project procurement in Addis Ababa and across Ethiopia.</p><h3>Ordering information</h3><ul><li>Category: Metal</li><li>Confirm size, grade, brand or technical specification before ordering.</li><li>Stock, price, delivery fee and lead time are confirmed before dispatch.</li></ul><p>For a quotation, call or WhatsApp <a href=""https://wa.me/251911283651"">+251 911 28 3651</a> or email <a href=""mailto:manager@conmaret.com"">manager@conmaret.com</a>.</p>",,,taxable,,1,,,0,0,,,,,1,,,,"Metal, Steel","ዩ ቻናል U Channel, Metal, construction materials Ethiopia, building materials Addis Ababa, Conmaret",,https://conmaret.com/wp-content/uploads/2025/04/ዩ-ቻናል.avif,,,,,,,,,201,,የቻናሉ ሳይዝ,"100 x 50, 120 x 50, 140 x 55, 60 x 65, 200 x 72",1,0,,,,default,,none,,none,inherit,inherit,inherit,after,1539,,,,,,default,default,none,,,,,,,,,,,,text,,,,text,,,,1787195089,synced,sync-and-show,ዩ ቻናል U Channel Ethiopia,approved,,የቻናሉ ውፍረት,"4, 5, 2006",1,0,,,,,,,,,,,,,,,,,,+251911283651,,,90,90,1,Call or WhatsApp for a quote,tel:+251911283651,,,,,ዩ ቻናል U Channel in Ethiopia | Conmaret,"Buy or request a quote for ዩ ቻናል U Channel in Ethiopia from Conmaret. Confirm specifications, stock, delivery and current price. Call +251 911 28 3651.",https://conmaret.com/wp-content/uploads/2025/04/ዩ-ቻናል.avif,17797,"Buy or request a quote for ዩ ቻናል U Channel in Ethiopia from Conmaret. Confirm specifications, stock, delivery and current price. Call +251 911 28 3651.",classic-editor,,,,,,,,,,,,,,,,ዩ-ቻናል-u-channel,,,,ዩ ቻናል U Channel Ethiopia,,,,ዩ ቻናል U Channel in Ethiopia | Conmaret,"Buy or request a quote for ዩ ቻናል U Channel in Ethiopia from Conmaret. Confirm specifications, stock, delivery and current price. Call +251 911 28 3651.",https://conmaret.com/wp-content/uploads/2025/04/ዩ-ቻናል.avif,,,,,,,,,,,,,
16330,variation,CON-16330,,Korkoro,1,0,visible,,Kality Red Colour 28 Guage,,,taxable,parent,1,,,0,0,6,,,,0,,1350,1400,,,,https://conmaret.com/wp-content/uploads/2024/07/NormalKorkoro.avif,,,id:16213,,,"id:16207, id:16206",,,1,,Brand,ቃሊቲ,,1,,,,,,,,,,,,,,,,,,,,,,,,,,,,,,,,,,,,,,,,,1787194887,synced,,,disapproved,,Color,ቀይ,,1,ጌጅ,28 ጌጅ,,0,,,,,,,,,,,,,,,,,,,,,,,,,,,,,,,,,,,,,,,,,,,,,,,,,,,,,,,,,,,,,,,,,,,,,,
16331,variation,CON-16331,,Korkoro,1,0,visible,,,,,taxable,parent,1,,,0,0,5,,,,0,,1150,1200,,,,https://conmaret.com/wp-content/uploads/2024/07/korkoroStock2.avif,,,id:16213,,,"id:16207, id:16206",,,2,,Brand,ቃሊቲ,,1,,,,,,,,,,,,,,,,,,,,,,,,,,,,,,,,,,,,,,,,,1787194885,synced,,,disapproved,,Color,ቀይ,,1,ጌጅ,30 ጌጅ,,0,,,,,,,,,,,,,,,,,,,,,,,,,,,,,,,,,,,,,,,,,,,,,,,,,,,,,,,,,,,,,,,,,,,,,,
16332,variation,CON-16332,,Korkoro,1,0,visible,,,,,taxable,parent,1,,,0,0,,,,,0,,950,980,,,,https://conmaret.com/wp-content/uploads/2024/07/korkoroStock.avif,,,id:16213,,,"id:16207, id:16206",,,3,,Brand,ቃሊቲ,,1,,,,,,,,,,,,,,,,,,,,,,,,,,,,,,,,,,,,,,,,,1787194885,synced,,,disapproved,,Color,ቀይ,,1,ጌጅ,32 ጌጅ,,0,,,,,,,,,,,,,,,,,,,,,,,,,,,,,,,,,,,,,,,,,,,,,,,,,,,,,,,,,,,,,,,,,,,,,,
16333,variation,CON-16333,,Korkoro,1,0,visible,,,,,taxable,parent,1,,,0,0,5,,,,0,,980,1000,,,,https://conmaret.com/wp-content/uploads/2024/07/korkoro3.avif,,,id:16213,,,"id:16207, id:16206",,,4,,Brand,ቃሊቲ,,1,,,,,,,,,,,,,,,,,,,,,,,,,,,,,,,,,,,,,,,,,1787194885,synced,,,disapproved,,Color,ነጭ ኖርማል,,1,ጌጅ,28 ጌጅ,,0,,,,,,,,,,,,,,,,,,,,,,,,,,,,,,,,,,,,,,,,,,,,,,,,,,,,,,,,,,,,,,,,,,,,,,
16334,variation,CON-16334,,Korkoro,1,0,visible,,,,,taxable,parent,1,,,0,0,,,,,0,,880,900,,,,https://conmaret.com/wp-content/uploads/2024/07/korkoro2.avif,,,id:16213,,,"id:16207, id:16206",,,5,,Brand,ቃሊቲ,,1,,,,,,,,,,,,,,,,,,,,,,,,,,,,,,,,,,,,,,,,,1787194885,synced,,,disapproved,,Color,ነጭ ኖርማል,,1,ጌጅ,30 ጌጅ,,0,,,,,,,,,,,,,,,,,,,,,,,,,,,,,,,,,,,,,,,,,,,,,,,,,,,,,,,,,,,,,,,,,,,,,,
16335,variation,CON-16335,,Korkoro,1,0,visible,,,,,taxable,parent,1,,,0,0,,,,,0,,700,750,,,,https://conmaret.com/wp-content/uploads/2024/07/korkoro.avif,,,id:16213,,,"id:16207, id:16206",,,6,,Brand,ቃሊቲ,,1,,,,,,,,,,,,,,,,,,,,,,,,,,,,,,,,,,,,,,,,,1787194885,synced,,,disapproved,,Color,ነጭ ኖርማል,,1,ጌጅ,32 ጌጅ,,0,,,,,,,,,,,,,,,,,,,,,,,,,,,,,,,,,,,,,,,,,,,,,,,,,,,,,,,,,,,,,,,,,,,,,,
16339,variation,CON-16339,,Korkoro,1,0,visible,,,,,taxable,parent,1,,,0,0,,,,,0,,580,630,,,,https://conmaret.com/wp-content/uploads/2024/07/korkoroStock.avif,,,id:16213,,,"id:16207, id:16206",,,7,,Brand,ቃሊቲ,,1,,,,,,,,,,,,,,,,,,,,,,,,,,,,,,,,,,,,,,,,,1787194885,synced,,,disapproved,,Color,ነጭ ኖርማል,,1,ጌጅ,35 ጌጅ,,0,,,,,,,,,,,,,,,,,,,,,,,,,,,,,,,,,,,,,,,,,,,,,,,,,,,,,,,,,,,,,,,,,,,,,,
16340,variation,CON-16340,,Korkoro,1,0,visible,,,,,taxable,parent,1,,,0,0,7,,,,0,,2230,2250,,,,https://conmaret.com/wp-content/uploads/2024/07/egaDarkGreen.avif,,,id:16213,,,"id:16207, id:16206",,,8,,Brand,ቃሊቲ,,1,,,,,,,,,,,,,,,,,,,,,,,,,,,,,,,,,,,,,,,,,1787194885,synced,,,disapproved,,Color,አረንጓዴ,,1,ጌጅ,28 ጌጅ,,0,,,,,,,,,,,,,,,,,,,,,,,,,,,,,,,,,,,,,,,,,,,,,,,,,,,,,,,,,,,,,,,,,,,,,,
16341,variation,CON-16341,,Korkoro,1,0,visible,,,,,taxable,parent,1,,,0,0,,,,,0,,1350,1400,,,,https://conmaret.com/wp-content/uploads/2024/07/egaDarkRed.avif,,,id:16213,,,"id:16207, id:16206",,,9,,Brand,አርቲ,,1,,,,,,,,,,,,,,,,,,,,,,,,,,,,,,,,,,,,,,,,,1787194885,synced,,,disapproved,,Color,ቀይ,,1,ጌጅ,28 ጌጅ,,0,,,,,,,,,,,,,,,,,,,,,,,,,,,,,,,,,,,,,,,,,,,,,,,,,,,,,,,,,,,,,,,,,,,,,,
16342,variation,CON-16342,,Korkoro,1,0,visible,,,,,taxable,parent,1,,,0,0,,,,,0,,1250,1300,,,,https://conmaret.com/wp-content/uploads/2024/07/redColorNormalKorkoro.avif,,,id:16213,,,"id:16207, id:16206",,,10,,Brand,አርቲ,,1,,,,,,,,,,,,,,,,,,,,,,,,,,,,,,,,,,,,,,,,,1787194885,synced,,,disapproved,,Color,ቀይ,,1,ጌጅ,30 ጌጅ,,0,,,,,,,,,,,,,,,,,,,,,,,,,,,,,,,,,,,,,,,,,,,,,,,,,,,,,,,,,,,,,,,,,,,,,,
16343,variation,CON-16343,,Korkoro,1,0,visible,,,,,taxable,parent,1,,,0,0,,,,,0,,1080,1200,,,,https://conmaret.com/wp-content/uploads/2024/07/korkoro2.avif,,,id:16213,,,"id:16207, id:16206",,,11,,Brand,አርቲ,,1,,,,,,,,,,,,,,,,,,,,,,,,,,,,,,,,,,,,,,,,,1787194885,synced,,,disapproved,,Color,ነጭ ኖርማል,,1,ጌጅ,28 ጌጅ,,0,,,,,,,,,,,,,,,,,,,,,,,,,,,,,,,,,,,,,,,,,,,,,,,,,,,,,,,,,,,,,,,,,,,,,,
16344,variation,CON-16344,,Korkoro,1,0,visible,,,,,taxable,parent,1,,,0,0,,,,,0,,980,1000,,,,https://conmaret.com/wp-content/uploads/2024/07/korkoroStock.avif,,,id:16213,,,"id:16207, id:16206",,,13,,Brand,አርቲ,,1,,,,,,,,,,,,,,,,,,,,,,,,,,,,,,,,,,,,,,,,,1787194886,synced,,,disapproved,,Color,ነጭ ኖርማል,,1,ጌጅ,30 ጌጅ,,0,,,,,,,,,,,,,,,,,,,,,,,,,,,,,,,,,,,,,,,,,,,,,,,,,,,,,,,,,,,,,,,,,,,,,,
16345,variation,CON-16345,,Korkoro,1,0,visible,,,,,taxable,parent,1,,,0,0,,,,,0,,880,900,,,,https://conmaret.com/wp-content/uploads/2024/07/korkoro.avif,,,id:16213,,,"id:16207, id:16206",,,12,,Brand,አርቲ,,1,,,,,,,,,,,,,,,,,,,,,,,,,,,,,,,,,,,,,,,,,1787194886,synced,,,disapproved,,Color,ነጭ ኖርማል,,1,ጌጅ,32 ጌጅ,,0,,,,,,,,,,,,,,,,,,,,,,,,,,,,,,,,,,,,,,,,,,,,,,,,,,,,,,,,,,,,,,,,,,,,,,
16346,variation,CON-16346,,Korkoro,1,0,visible,,,,,taxable,parent,1,,,0,0,,,,,0,,590,620,,,,https://conmaret.com/wp-content/uploads/2024/07/NormalKorkoro.avif,,,id:16213,,,"id:16207, id:16206",,,14,,Brand,አርቲ,,1,,,,,,,,,,,,,,,,,,,,,,,,,,,,,,,,,,,,,,,,,1787194886,synced,,,disapproved,,Color,ነጭ ኖርማል,,1,ጌጅ,35 ጌጅ,,0,,,,,,,,,,,,,,,,,,,,,,,,,,,,,,,,,,,,,,,,,,,,,,,,,,,,,,,,,,,,,,,,,,,,,,
16347,variation,CON-16347,,Korkoro,1,0,visible,,,,,taxable,parent,1,,,0,0,,,,,0,,1080,1100,,,,https://conmaret.com/wp-content/uploads/2024/07/korkoroStock.avif,,,id:16213,,,"id:16207, id:16206",,,15,,Brand,ግመል,,1,,,,,,,,,,,,,,,,,,,,,,,,,,,,,,,,,,,,,,,,,1787194886,synced,,,disapproved,,Color,ነጭ ኖርማል,,1,ጌጅ,28 ጌጅ,,0,,,,,,,,,,,,,,,,,,,,,,,,,,,,,,,,,,,,,,,,,,,,,,,,,,,,,,,,,,,,,,,,,,,,,,
16348,variation,CON-16348,,Korkoro,1,0,visible,,,,,taxable,parent,1,,,0,0,,,,,0,,980,1000,,,,https://conmaret.com/wp-content/uploads/2024/07/korkoro3.avif,,,id:16213,,,"id:16207, id:16206",,,16,,Brand,ግመል,,1,,,,,,,,,,,,,,,,,,,,,,,,,,,,,,,,,,,,,,,,,1787194886,synced,,,disapproved,,Color,ነጭ ኖርማል,,1,ጌጅ,30 ጌጅ,,0,,,,,,,,,,,,,,,,,,,,,,,,,,,,,,,,,,,,,,,,,,,,,,,,,,,,,,,,,,,,,,,,,,,,,,
16349,variation,CON-16349,,Korkoro,1,0,visible,,,,,taxable,parent,1,,,0,0,,,,,0,,880,900,,,,https://conmaret.com/wp-content/uploads/2024/07/korkoro.avif,,,id:16213,,,"id:16207, id:16206",,,17,,Brand,ግመል,,1,,,,,,,,,,,,,,,,,,,,,,,,,,,,,,,,,,,,,,,,,1787194886,synced,,,disapproved,,Color,ነጭ ኖርማል,,1,ጌጅ,32 ጌጅ,,0,,,,,,,,,,,,,,,,,,,,,,,,,,,,,,,,,,,,,,,,,,,,,,,,,,,,,,,,,,,,,,,,,,,,,,
16350,variation,CON-16350,,Korkoro,1,0,visible,,,,,taxable,parent,1,,,0,0,,,,,0,,610,640,,,,https://conmaret.com/wp-content/uploads/2024/07/NormalKorkoro.avif,,,id:16213,,,"id:16207, id:16206",,,18,,Brand,ግመል,,1,,,,,,,,,,,,,,,,,,,,,,,,,,,,,,,,,,,,,,,,,1787194886,synced,,,disapproved,,Color,ነጭ ኖርማል,,1,ጌጅ,35 ጌጅ,,0,,,,,,,,,,,,,,,,,,,,,,,,,,,,,,,,,,,,,,,,,,,,,,,,,,,,,,,,,,,,,,,,,,,,,,
16430,variation,CON-16430,,"Terazo - የግቢ ንጣፍ, 20x20",1,0,visible,,,,,taxable,parent,1,,,0,0,,,,,0,,,,,,,,,,id:16198,,,,,,1,,አይነት,የግቢ ንጣፍ,,0,,,,,,,,,,,,,,,,,,,,,,,,,,,,,,,,,,,,,,,,,,,,,,,መጠን,20x20,,0,,,,,,,,,,,,,,,,,,,,,,,,,,,,,,,,,,,,,,,,,,,,,,,,,,,,,,,,,,,,,,,,,,,,,,,,,,
16431,variation,CON-16431,,"Terazo - የግቢ ንጣፍ, 30x30",1,0,visible,,,,,taxable,parent,1,,,0,0,,,,,0,,,,,,,,,,id:16198,,,,,,2,,አይነት,የግቢ ንጣፍ,,0,,,,,,,,,,,,,,,,,,,,,,,,,,,,,,,,,,,,,,,,,,,,,,,መጠን,30x30,,0,,,,,,,,,,,,,,,,,,,,,,,,,,,,,,,,,,,,,,,,,,,,,,,,,,,,,,,,,,,,,,,,,,,,,,,,,,
16432,variation,CON-16432,,"Terazo - የግቢ ንጣፍ, 25x25",1,0,visible,,,,,taxable,parent,1,,,0,0,,,,,0,,,400,,,,https://conmaret.com/wp-content/uploads/2024/07/terazo.avif,,,id:16198,,,,,,3,,አይነት,የግቢ ንጣፍ,,0,,,,,,,,,,,,,,,,,,,,,,,,,,,,,,,,,,,,,,,,,1787194874,synced,,,approved,,መጠን,25x25,,0,,,,,,,,,,,,,,,,,,,,,,,,,,,,,,,,,,,,,,,,,,,,,,,,,,,,,,,,,,,,,,,,,,,,,,,,,,
16433,variation,CON-16433,,"Terazo - የግቢ ንጣፍ, 30x15",1,0,visible,,,,,taxable,parent,1,,,0,0,,,,,0,,,320,,,,https://conmaret.com/wp-content/uploads/2024/07/terazo12.avif,,,id:16198,,,,,,4,,አይነት,የግቢ ንጣፍ,,0,,,,,,,,,,,,,,,,,,,,,,,,,,,,,,,,,,,,,,,,,1787194874,synced,,,approved,,መጠን,30x15,,0,,,,,,,,,,,,,,,,,,,,,,,,,,,,,,,,,,,,,,,,,,,,,,,,,,,,,,,,,,,,,,,,,,,,,,,,,,
16434,variation,CON-16434,,"Terazo - የግቢ ንጣፍ, 40x40",1,0,visible,,,,,taxable,parent,1,,,0,0,,,,,0,,,350,,,,https://conmaret.com/wp-content/uploads/2024/07/terazo.avif,,,id:16198,,,,,,5,,አይነት,የግቢ ንጣፍ,,0,,,,,,,,,,,,,,,,,,,,,,,,,,,,,,,,,,,,,,,,,1787194875,synced,,,approved,,መጠን,40x40,,0,,,,,,,,,,,,,,,,,,,,,,,,,,,,,,,,,,,,,,,,,,,,,,,,,,,,,,,,,,,,,,,,,,,,,,,,,,
16435,variation,CON-16435,,"Terazo - የግቢ ንጣፍ, 60x60",1,0,visible,,,,,taxable,parent,1,,,0,0,,,,,0,,,400,,,,https://conmaret.com/wp-content/uploads/2024/07/terazo1.avif,,,id:16198,,,,,,6,,አይነት,የግቢ ንጣፍ,,0,,,,,,,,,,,,,,,,,,,,,,,,,,,,,,,,,,,,,,,,,1787194875,synced,,,approved,,መጠን,60x60,,0,,,,,,,,,,,,,,,,,,,,,,,,,,,,,,,,,,,,,,,,,,,,,,,,,,,,,,,,,,,,,,,,,,,,,,,,,,
16436,variation,CON-16436,,"Terazo - የአግረኛ መንገድ, 20x20",1,0,visible,,,,,taxable,parent,1,,,0,0,,,,,0,,,350,,,,https://conmaret.com/wp-content/uploads/2024/07/terazo12.avif,,,id:16198,,,,,,7,,አይነት,የአግረኛ መንገድ,,0,,,,,,,,,,,,,,,,,,,,,,,,,,,,,,,,,,,,,,,,,1787194875,synced,,,approved,,መጠን,20x20,,0,,,,,,,,,,,,,,,,,,,,,,,,,,,,,,,,,,,,,,,,,,,,,,,,,,,,,,,,,,,,,,,,,,,,,,,,,,
16437,variation,CON-16437,,"Terazo - የአግረኛ መንገድ, 30x30",1,0,visible,,,,,taxable,parent,1,,,0,0,,,,,0,,,310,,,,https://conmaret.com/wp-content/uploads/2024/07/terazo.avif,,,id:16198,,,,,,8,,አይነት,የአግረኛ መንገድ,,0,,,,,,,,,,,,,,,,,,,,,,,,,,,,,,,,,,,,,,,,,1787194875,synced,,,approved,,መጠን,30x30,,0,,,,,,,,,,,,,,,,,,,,,,,,,,,,,,,,,,,,,,,,,,,,,,,,,,,,,,,,,,,,,,,,,,,,,,,,,,
16438,variation,CON-16438,,"Terazo - የአግረኛ መንገድ, 25x25",1,0,visible,,,,,taxable,parent,1,,,0,0,,,,,0,,,380,,,,https://conmaret.com/wp-content/uploads/2024/07/terazo1.avif,,,id:16198,,,,,,9,,አይነት,የአግረኛ መንገድ,,0,,,,,,,,,,,,,,,,,,,,,,,,,,,,,,,,,,,,,,,,,1787194875,synced,,,approved,,መጠን,25x25,,0,,,,,,,,,,,,,,,,,,,,,,,,,,,,,,,,,,,,,,,,,,,,,,,,,,,,,,,,,,,,,,,,,,,,,,,,,,
16439,variation,CON-16439,,"Terazo - የአግረኛ መንገድ, 30x15",1,0,visible,,,,,taxable,parent,1,,,0,0,,,,,0,,,400,,,,https://conmaret.com/wp-content/uploads/2024/07/terazoMain-1.avif,,,id:16198,,,,,,10,,አይነት,የአግረኛ መንገድ,,0,,,,,,,,,,,,,,,,,,,,,,,,,,,,,,,,,,,,,,,,,1787194875,synced,,,approved,,መጠን,30x15,,0,,,,,,,,,,,,,,,,,,,,,,,,,,,,,,,,,,,,,,,,,,,,,,,,,,,,,,,,,,,,,,,,,,,,,,,,,,
16440,variation,CON-16440,,"Terazo - የአግረኛ መንገድ, 40x40",1,0,visible,,,,,taxable,parent,1,,,0,0,,,,,0,,,458,,,,https://conmaret.com/wp-content/uploads/2024/07/terazo1.avif,,,id:16198,,,,,,11,,አይነት,የአግረኛ መንገድ,,0,,,,,,,,,,,,,,,,,,,,,,,,,,,,,,,,,,,,,,,,,1787194875,synced,,,approved,,መጠን,40x40,,0,,,,,,,,,,,,,,,,,,,,,,,,,,,,,,,,,,,,,,,,,,,,,,,,,,,,,,,,,,,,,,,,,,,,,,,,,,
16441,variation,CON-16441,,"Terazo - የአግረኛ መንገድ, 60x60",1,0,visible,,,,,taxable,parent,1,,,0,0,,,,,0,,,450,,,,https://conmaret.com/wp-content/uploads/2024/07/terazo12.avif,,,id:16198,,,,,,12,,አይነት,የአግረኛ መንገድ,,0,,,,,,,,,,,,,,,,,,,,,,,,,,,,,,,,,,,,,,,,,1787194875,synced,,,approved,,መጠን,60x60,,0,,,,,,,,,,,,,,,,,,,,,,,,,,,,,,,,,,,,,,,,,,,,,,,,,,,,,,,,,,,,,,,,,,,,,,,,,,
16442,variation,CON-16442,,"Terazo - ጌጃ ቺብስ, 20x20",1,0,visible,,,,,taxable,parent,1,,,0,0,,,,,0,,,480,,,,https://conmaret.com/wp-content/uploads/2024/07/terazoMain-1.avif,,,id:16198,,,,,,13,,አይነት,ጌጃ ቺብስ,,0,,,,,,,,,,,,,,,,,,,,,,,,,,,,,,,,,,,,,,,,,1787194876,synced,,,approved,,መጠን,20x20,,0,,,,,,,,,,,,,,,,,,,,,,,,,,,,,,,,,,,,,,,,,,,,,,,,,,,,,,,,,,,,,,,,,,,,,,,,,,
16443,variation,CON-16443,,"Terazo - ጌጃ ቺብስ, 40x40",1,0,visible,,,,,taxable,parent,1,,,0,0,,,,,0,,,145,,,,https://conmaret.com/wp-content/uploads/2024/07/terazo12.avif,,,id:16198,,,,,,14,,አይነት,ጌጃ ቺብስ,,0,,,,,,,,,,,,,,,,,,,,,,,,,,,,,,,,,,,,,,,,,1787194876,synced,,,approved,,መጠን,40x40,,0,,,,,,,,,,,,,,,,,,,,,,,,,,,,,,,,,,,,,,,,,,,,,,,,,,,,,,,,,,,,,,,,,,,,,,,,,,
16444,variation,CON-16444,,"Terazo - ማርብል ቺብስ, 60x60",1,0,visible,,,,,taxable,parent,1,,,0,0,,,,,0,,,350,,,,https://conmaret.com/wp-content/uploads/2024/07/terazo1.avif,,,id:16198,,,,,,15,,አይነት,ማርብል ቺብስ,,0,,,,,,,,,,,,,,,,,,,,,,,,,,,,,,,,,,,,,,,,,1787194876,synced,,,approved,,መጠን,60x60,,0,,,,,,,,,,,,,,,,,,,,,,,,,,,,,,,,,,,,,,,,,,,,,,,,,,,,,,,,,,,,,,,,,,,,,,,,,,
16445,variation,CON-16445,,"Terazo - ማርብል ቺብስ, 40x40",1,0,visible,,,,,taxable,parent,1,,,0,0,,,,,0,,,550,,,,https://conmaret.com/wp-content/uploads/2024/07/terazo.avif,,,id:16198,,,,,,16,,አይነት,ማርብል ቺብስ,,0,,,,,,,,,,,,,,,,,,,,,,,,,,,,,,,,,,,,,,,,,1787194876,synced,,,approved,,መጠን,40x40,,0,,,,,,,,,,,,,,,,,,,,,,,,,,,,,,,,,,,,,,,,,,,,,,,,,,,,,,,,,,,,,,,,,,,,,,,,,,
16446,variation,CON-16446,,"Terazo - ጌጃ ቺብስ, 30x15",1,0,visible,,,,,taxable,parent,1,,,0,0,,,,,0,,,470,,,,https://conmaret.com/wp-content/uploads/2024/07/terazoMain-1.avif,,,id:16198,,,,,,17,,አይነት,ጌጃ ቺብስ,,0,,,,,,,,,,,,,,,,,,,,,,,,,,,,,,,,,,,,,,,,,1787194876,synced,,,approved,,መጠን,30x15,,0,,,,,,,,,,,,,,,,,,,,,,,,,,,,,,,,,,,,,,,,,,,,,,,,,,,,,,,,,,,,,,,,,,,,,,,,,,
16553,variation,CON-16553,,ጣውላ,1,0,visible,,,,,taxable,parent,1,,,0,0,,,,,0,,,,,,,https://conmaret.com/wp-content/uploads/2024/07/timbermainProductImage.avif,,,id:16552,,,,,,0,,የጣውላ አይነት,,,0,,,,,,,,,,,,,,,,,,,,,,,,,,,,,,,,,,,,,,,,,,,,,,,ውፍረት,,,0,ጣውላ ምንነት,,,0,,,,,,,,,,,,,,,,,,,,,,,,,,,,,,,,,,,,,,,,,,,,,,,,,,,,,,,,,,,,,,,,,,,,,,
16554,variation,CON-16554,,ጣውላ,1,0,visible,,,,,taxable,parent,1,,,0,0,,,,,0,,,,,,,https://conmaret.com/wp-content/uploads/2024/07/timbermainProductImage.avif,,,id:16552,,,,,,0,,የጣውላ አይነት,ሻሸመኔ,,0,,,,,,,,,,,,,,,,,,,,,,,,,,,,,,,,,,,,,,,,,,,,,,,ውፍረት,0.25,,0,ጣውላ ምንነት,ሞራሌ,,0,,,,,,,,,,,,,,,,,,,,,,,,,,,,,,,,,,,,,,,,,,,,,,,,,,,,,,,,,,,,,,,,,,,,,,
16580,variation,CON-16580,,ጣውላ,1,0,visible,,,,,taxable,parent,1,,,0,0,,,,,0,,,,,,,https://conmaret.com/wp-content/uploads/2024/07/timbermainProductImage.avif,,,id:16552,,,,,,0,,የጣውላ አይነት,ሻሸመኔ,,0,,,,,,,,,,,,,,,,,,,,,,,,,,,,,,,,,,,,,,,,,,,,,,,ውፍረት,0.25,,0,ጣውላ ምንነት,መቃን,,0,,,,,,,,,,,,,,,,,,,,,,,,,,,,,,,,,,,,,,,,,,,,,,,,,,,,,,,,,,,,,,,,,,,,,,
16581,variation,CON-16581,,ጣውላ,1,0,visible,,,,,taxable,parent,1,,,0,0,,,,,0,,,,,,,https://conmaret.com/wp-content/uploads/2024/07/timbermainProductImage.avif,,,id:16552,,,,,,0,,የጣውላ አይነት,ሻሸመኔ,,0,,,,,,,,,,,,,,,,,,,,,,,,,,,,,,,,,,,,,,,,,,,,,,,ውፍረት,0.25,,0,ጣውላ ምንነት,ጣውላ,,0,,,,,,,,,,,,,,,,,,,,,,,,,,,,,,,,,,,,,,,,,,,,,,,,,,,,,,,,,,,,,,,,,,,,,,
16582,variation,CON-16582,,ጣውላ,1,0,visible,,,,,taxable,parent,1,,,0,0,,,,,0,,,,,,,https://conmaret.com/wp-content/uploads/2024/07/timbermainProductImage.avif,,,id:16552,,,,,,0,,የጣውላ አይነት,ሻሸመኔ,,0,,,,,,,,,,,,,,,,,,,,,,,,,,,,,,,,,,,,,,,,,,,,,,,ውፍረት,0.5,,0,ጣውላ ምንነት,ሞራሌ,,0,,,,,,,,,,,,,,,,,,,,,,,,,,,,,,,,,,,,,,,,,,,,,,,,,,,,,,,,,,,,,,,,,,,,,,
16583,variation,CON-16583,,ጣውላ,1,0,visible,,,,,taxable,parent,1,,,0,0,,,,,0,,,,,,,https://conmaret.com/wp-content/uploads/2024/07/timbermainProductImage.avif,,,id:16552,,,,,,0,,የጣውላ አይነት,ሻሸመኔ,,0,,,,,,,,,,,,,,,,,,,,,,,,,,,,,,,,,,,,,,,,,,,,,,,ውፍረት,0.5,,0,ጣውላ ምንነት,መቃን,,0,,,,,,,,,,,,,,,,,,,,,,,,,,,,,,,,,,,,,,,,,,,,,,,,,,,,,,,,,,,,,,,,,,,,,,
16584,variation,CON-16584,,ጣውላ,1,0,visible,,,,,taxable,parent,1,,,0,0,,,,,0,,,,,,,https://conmaret.com/wp-content/uploads/2024/07/timbermainProductImage.avif,,,id:16552,,,,,,0,,የጣውላ አይነት,ሻሸመኔ,,0,,,,,,,,,,,,,,,,,,,,,,,,,,,,,,,,,,,,,,,,,,,,,,,ውፍረት,0.5,,0,ጣውላ ምንነት,ጣውላ,,0,,,,,,,,,,,,,,,,,,,,,,,,,,,,,,,,,,,,,,,,,,,,,,,,,,,,,,,,,,,,,,,,,,,,,,
16585,variation,CON-16585,,ጣውላ,1,0,visible,,,,,taxable,parent,1,,,0,0,,,,,0,,,,,,,https://conmaret.com/wp-content/uploads/2024/07/timbermainProductImage.avif,,,id:16552,,,,,,0,,የጣውላ አይነት,አዉስትራሊያ,,0,,,,,,,,,,,,,,,,,,,,,,,,,,,,,,,,,,,,,,,,,,,,,,,ውፍረት,0.25,,0,ጣውላ ምንነት,ሞራሌ,,0,,,,,,,,,,,,,,,,,,,,,,,,,,,,,,,,,,,,,,,,,,,,,,,,,,,,,,,,,,,,,,,,,,,,,,
16586,variation,CON-16586,,ጣውላ,1,0,visible,,,,,taxable,parent,1,,,0,0,,,,,0,,,,,,,https://conmaret.com/wp-content/uploads/2024/07/timbermainProductImage.avif,,,id:16552,,,,,,0,,የጣውላ አይነት,አዉስትራሊያ,,0,,,,,,,,,,,,,,,,,,,,,,,,,,,,,,,,,,,,,,,,,,,,,,,ውፍረት,0.25,,0,ጣውላ ምንነት,መቃን,,0,,,,,,,,,,,,,,,,,,,,,,,,,,,,,,,,,,,,,,,,,,,,,,,,,,,,,,,,,,,,,,,,,,,,,,
16587,variation,CON-16587,,ጣውላ,1,0,visible,,,,,taxable,parent,1,,,0,0,,,,,0,,,,,,,https://conmaret.com/wp-content/uploads/2024/07/timbermainProductImage.avif,,,id:16552,,,,,,0,,የጣውላ አይነት,አዉስትራሊያ,,0,,,,,,,,,,,,,,,,,,,,,,,,,,,,,,,,,,,,,,,,,,,,,,,ውፍረት,0.25,,0,ጣውላ ምንነት,ጣውላ,,0,,,,,,,,,,,,,,,,,,,,,,,,,,,,,,,,,,,,,,,,,,,,,,,,,,,,,,,,,,,,,,,,,,,,,,
16588,variation,CON-16588,,ጣውላ,1,0,visible,,,,,taxable,parent,1,,,0,0,,,,,0,,,,,,,https://conmaret.com/wp-content/uploads/2024/07/timbermainProductImage.avif,,,id:16552,,,,,,0,,የጣውላ አይነት,አዉስትራሊያ,,0,,,,,,,,,,,,,,,,,,,,,,,,,,,,,,,,,,,,,,,,,,,,,,,ውፍረት,0.5,,0,ጣውላ ምንነት,ሞራሌ,,0,,,,,,,,,,,,,,,,,,,,,,,,,,,,,,,,,,,,,,,,,,,,,,,,,,,,,,,,,,,,,,,,,,,,,,
16589,variation,CON-16589,,ጣውላ,1,0,visible,,,,,taxable,parent,1,,,0,0,,,,,0,,,,,,,https://conmaret.com/wp-content/uploads/2024/07/timbermainProductImage.avif,,,id:16552,,,,,,0,,የጣውላ አይነት,አዉስትራሊያ,,0,,,,,,,,,,,,,,,,,,,,,,,,,,,,,,,,,,,,,,,,,,,,,,,ውፍረት,0.5,,0,ጣውላ ምንነት,መቃን,,0,,,,,,,,,,,,,,,,,,,,,,,,,,,,,,,,,,,,,,,,,,,,,,,,,,,,,,,,,,,,,,,,,,,,,,
16590,variation,CON-16590,,ጣውላ,1,0,visible,,,,,taxable,parent,1,,,0,0,,,,,0,,,,,,,https://conmaret.com/wp-content/uploads/2024/07/timbermainProductImage.avif,,,id:16552,,,,,,0,,የጣውላ አይነት,አዉስትራሊያ,,0,,,,,,,,,,,,,,,,,,,,,,,,,,,,,,,,,,,,,,,,,,,,,,,ውፍረት,0.5,,0,ጣውላ ምንነት,ጣውላ,,0,,,,,,,,,,,,,,,,,,,,,,,,,,,,,,,,,,,,,,,,,,,,,,,,,,,,,,,,,,,,,,,,,,,,,,
17069,variation,CON-17069,,ክብ ትቦ CHS,1,0,visible,,,,,taxable,parent,1,,,0,0,,,,,0,,,,,,,,,,id:17068,,,,,,71,,,,,,,,,,,,,,,,,,,,,,,,,,,,,,,,,,,,,,,,,,,,,,,,,,,,,,,,,,,,,,,,,,,,,,,,,,,,,,,,,,,,,,,,,,,,,,,,,,,,,,,,,,,,,,,,,,,,,,,,,,,,,,,,,
17070,variation,CON-17070,,ክብ ትቦ CHS,1,0,visible,,,,,taxable,parent,1,,,0,0,,,,,0,,,,,,,,,,id:17068,,,,,,72,,,,,,,,,,,,,,,,,,,,,,,,,,,,,,,,,,,,,,,,,,,,,,,,,,,,,,,,,,,,,,,,,,,,,,,,,,,,,,,,,,,,,,,,,,,,,,,,,,,,,,,,,,,,,,,,,,,,,,,,,,,,,,,,,
17071,variation,CON-17071,,ክብ ትቦ CHS,1,0,visible,,,,,taxable,parent,1,,,0,0,,,,,0,,,,,,,,,,id:17068,,,,,,73,,,,,,,,,,,,,,,,,,,,,,,,,,,,,,,,,,,,,,,,,,,,,,,,,,,,,,,,,,,,,,,,,,,,,,,,,,,,,,,,,,,,,,,,,,,,,,,,,,,,,,,,,,,,,,,,,,,,,,,,,,,,,,,,,
17072,variation,CON-17072,,ክብ ትቦ CHS,1,0,visible,,,,,taxable,parent,1,,,0,0,,,,,0,,,,,,,,,,id:17068,,,,,,74,,,,,,,,,,,,,,,,,,,,,,,,,,,,,,,,,,,,,,,,,,,,,,,,,,,,,,,,,,,,,,,,,,,,,,,,,,,,,,,,,,,,,,,,,,,,,,,,,,,,,,,,,,,,,,,,,,,,,,,,,,,,,,,,,
17073,variation,CON-17073,,ክብ ትቦ CHS,1,0,visible,,,,,taxable,parent,1,,,0,0,,,,,0,,,,,,,,,,id:17068,,,,,,75,,,,,,,,,,,,,,,,,,,,,,,,,,,,,,,,,,,,,,,,,,,,,,,,,,,,,,,,,,,,,,,,,,,,,,,,,,,,,,,,,,,,,,,,,,,,,,,,,,,,,,,,,,,,,,,,,,,,,,,,,,,,,,,,,
17074,variation,CON-17074,,ክብ ትቦ CHS,1,0,visible,,,,,taxable,parent,1,,,0,0,,,,,0,,,,,,,,,,id:17068,,,,,,76,,,,,,,,,,,,,,,,,,,,,,,,,,,,,,,,,,,,,,,,,,,,,,,,,,,,,,,,,,,,,,,,,,,,,,,,,,,,,,,,,,,,,,,,,,,,,,,,,,,,,,,,,,,,,,,,,,,,,,,,,,,,,,,,,
17075,variation,CON-17075,,ክብ ትቦ CHS,1,0,visible,,,,,taxable,parent,1,,,0,0,,,,,0,,,,,,,,,,id:17068,,,,,,77,,,,,,,,,,,,,,,,,,,,,,,,,,,,,,,,,,,,,,,,,,,,,,,,,,,,,,,,,,,,,,,,,,,,,,,,,,,,,,,,,,,,,,,,,,,,,,,,,,,,,,,,,,,,,,,,,,,,,,,,,,,,,,,,,
17076,variation,CON-17076,,ክብ ትቦ CHS,1,0,visible,,,,,taxable,parent,1,,,0,0,,,,,0,,,,,,,,,,id:17068,,,,,,78,,,,,,,,,,,,,,,,,,,,,,,,,,,,,,,,,,,,,,,,,,,,,,,,,,,,,,,,,,,,,,,,,,,,,,,,,,,,,,,,,,,,,,,,,,,,,,,,,,,,,,,,,,,,,,,,,,,,,,,,,,,,,,,,,
17077,variation,CON-17077,,ክብ ትቦ CHS,1,0,visible,,,,,taxable,parent,1,,,0,0,,,,,0,,,,,,,,,,id:17068,,,,,,79,,,,,,,,,,,,,,,,,,,,,,,,,,,,,,,,,,,,,,,,,,,,,,,,,,,,,,,,,,,,,,,,,,,,,,,,,,,,,,,,,,,,,,,,,,,,,,,,,,,,,,,,,,,,,,,,,,,,,,,,,,,,,,,,,
17078,variation,CON-17078,,ክብ ትቦ CHS,1,0,visible,,,,,taxable,parent,1,,,0,0,,,,,0,,,,,,,,,,id:17068,,,,,,80,,,,,,,,,,,,,,,,,,,,,,,,,,,,,,,,,,,,,,,,,,,,,,,,,,,,,,,,,,,,,,,,,,,,,,,,,,,,,,,,,,,,,,,,,,,,,,,,,,,,,,,,,,,,,,,,,,,,,,,,,,,,,,,,,
17079,variation,CON-17079,,ክብ ትቦ CHS,1,0,visible,,,,,taxable,parent,1,,,0,0,,,,,0,,,,,,,,,,id:17068,,,,,,81,,,,,,,,,,,,,,,,,,,,,,,,,,,,,,,,,,,,,,,,,,,,,,,,,,,,,,,,,,,,,,,,,,,,,,,,,,,,,,,,,,,,,,,,,,,,,,,,,,,,,,,,,,,,,,,,,,,,,,,,,,,,,,,,,
17080,variation,CON-17080,,ክብ ትቦ CHS,1,0,visible,,,,,taxable,parent,1,,,0,0,,,,,0,,,,,,,,,,id:17068,,,,,,82,,,,,,,,,,,,,,,,,,,,,,,,,,,,,,,,,,,,,,,,,,,,,,,,,,,,,,,,,,,,,,,,,,,,,,,,,,,,,,,,,,,,,,,,,,,,,,,,,,,,,,,,,,,,,,,,,,,,,,,,,,,,,,,,,
17081,variation,CON-17081,,ክብ ትቦ CHS,1,0,visible,,,,,taxable,parent,1,,,0,0,,,,,0,,,,,,,,,,id:17068,,,,,,83,,,,,,,,,,,,,,,,,,,,,,,,,,,,,,,,,,,,,,,,,,,,,,,,,,,,,,,,,,,,,,,,,,,,,,,,,,,,,,,,,,,,,,,,,,,,,,,,,,,,,,,,,,,,,,,,,,,,,,,,,,,,,,,,,
17082,variation,CON-17082,,ክብ ትቦ CHS,1,0,visible,,,,,taxable,parent,1,,,0,0,,,,,0,,,,,,,,,,id:17068,,,,,,84,,,,,,,,,,,,,,,,,,,,,,,,,,,,,,,,,,,,,,,,,,,,,,,,,,,,,,,,,,,,,,,,,,,,,,,,,,,,,,,,,,,,,,,,,,,,,,,,,,,,,,,,,,,,,,,,,,,,,,,,,,,,,,,,,
17083,variation,CON-17083,,ክብ ትቦ CHS,1,0,visible,,,,,taxable,parent,1,,,0,0,,,,,0,,,,,,,,,,id:17068,,,,,,85,,,,,,,,,,,,,,,,,,,,,,,,,,,,,,,,,,,,,,,,,,,,,,,,,,,,,,,,,,,,,,,,,,,,,,,,,,,,,,,,,,,,,,,,,,,,,,,,,,,,,,,,,,,,,,,,,,,,,,,,,,,,,,,,,
17084,variation,CON-17084,,ክብ ትቦ CHS,1,0,visible,,,,,taxable,parent,1,,,0,0,,,,,0,,,,,,,,,,id:17068,,,,,,86,,,,,,,,,,,,,,,,,,,,,,,,,,,,,,,,,,,,,,,,,,,,,,,,,,,,,,,,,,,,,,,,,,,,,,,,,,,,,,,,,,,,,,,,,,,,,,,,,,,,,,,,,,,,,,,,,,,,,,,,,,,,,,,,,
17085,variation,CON-17085,,ክብ ትቦ CHS,1,0,visible,,,,,taxable,parent,1,,,0,0,,,,,0,,,,,,,,,,id:17068,,,,,,87,,,,,,,,,,,,,,,,,,,,,,,,,,,,,,,,,,,,,,,,,,,,,,,,,,,,,,,,,,,,,,,,,,,,,,,,,,,,,,,,,,,,,,,,,,,,,,,,,,,,,,,,,,,,,,,,,,,,,,,,,,,,,,,,,
17086,variation,CON-17086,,ክብ ትቦ CHS,1,0,visible,,,,,taxable,parent,1,,,0,0,,,,,0,,,,,,,,,,id:17068,,,,,,88,,,,,,,,,,,,,,,,,,,,,,,,,,,,,,,,,,,,,,,,,,,,,,,,,,,,,,,,,,,,,,,,,,,,,,,,,,,,,,,,,,,,,,,,,,,,,,,,,,,,,,,,,,,,,,,,,,,,,,,,,,,,,,,,,
17087,variation,CON-17087,,ክብ ትቦ CHS,1,0,visible,,,,,taxable,parent,1,,,0,0,,,,,0,,,,,,,,,,id:17068,,,,,,89,,,,,,,,,,,,,,,,,,,,,,,,,,,,,,,,,,,,,,,,,,,,,,,,,,,,,,,,,,,,,,,,,,,,,,,,,,,,,,,,,,,,,,,,,,,,,,,,,,,,,,,,,,,,,,,,,,,,,,,,,,,,,,,,,
17088,variation,CON-17088,,ክብ ትቦ CHS,1,0,visible,,,,,taxable,parent,1,,,0,0,,,,,0,,,,,,,,,,id:17068,,,,,,90,,,,,,,,,,,,,,,,,,,,,,,,,,,,,,,,,,,,,,,,,,,,,,,,,,,,,,,,,,,,,,,,,,,,,,,,,,,,,,,,,,,,,,,,,,,,,,,,,,,,,,,,,,,,,,,,,,,,,,,,,,,,,,,,,
17089,variation,CON-17089,,ክብ ትቦ CHS,1,0,visible,,,,,taxable,parent,1,,,0,0,,,,,0,,,,,,,,,,id:17068,,,,,,91,,,,,,,,,,,,,,,,,,,,,,,,,,,,,,,,,,,,,,,,,,,,,,,,,,,,,,,,,,,,,,,,,,,,,,,,,,,,,,,,,,,,,,,,,,,,,,,,,,,,,,,,,,,,,,,,,,,,,,,,,,,,,,,,,
17090,variation,CON-17090,,ክብ ትቦ CHS,1,0,visible,,,,,taxable,parent,1,,,0,0,,,,,0,,,,,,,,,,id:17068,,,,,,92,,,,,,,,,,,,,,,,,,,,,,,,,,,,,,,,,,,,,,,,,,,,,,,,,,,,,,,,,,,,,,,,,,,,,,,,,,,,,,,,,,,,,,,,,,,,,,,,,,,,,,,,,,,,,,,,,,,,,,,,,,,,,,,,,
17091,variation,CON-17091,,ክብ ትቦ CHS,1,0,visible,,,,,taxable,parent,1,,,0,0,,,,,0,,,,,,,,,,id:17068,,,,,,93,,,,,,,,,,,,,,,,,,,,,,,,,,,,,,,,,,,,,,,,,,,,,,,,,,,,,,,,,,,,,,,,,,,,,,,,,,,,,,,,,,,,,,,,,,,,,,,,,,,,,,,,,,,,,,,,,,,,,,,,,,,,,,,,,
17092,variation,CON-17092,,ክብ ትቦ CHS,1,0,visible,,,,,taxable,parent,1,,,0,0,,,,,0,,,,,,,,,,id:17068,,,,,,94,,,,,,,,,,,,,,,,,,,,,,,,,,,,,,,,,,,,,,,,,,,,,,,,,,,,,,,,,,,,,,,,,,,,,,,,,,,,,,,,,,,,,,,,,,,,,,,,,,,,,,,,,,,,,,,,,,,,,,,,,,,,,,,,,
17093,variation,CON-17093,,ክብ ትቦ CHS,1,0,visible,,,,,taxable,parent,1,,,0,0,,,,,0,,,,,,,,,,id:17068,,,,,,95,,,,,,,,,,,,,,,,,,,,,,,,,,,,,,,,,,,,,,,,,,,,,,,,,,,,,,,,,,,,,,,,,,,,,,,,,,,,,,,,,,,,,,,,,,,,,,,,,,,,,,,,,,,,,,,,,,,,,,,,,,,,,,,,,
17094,variation,CON-17094,,ክብ ትቦ CHS,1,0,visible,,,,,taxable,parent,1,,,0,0,,,,,0,,,,,,,,,,id:17068,,,,,,96,,,,,,,,,,,,,,,,,,,,,,,,,,,,,,,,,,,,,,,,,,,,,,,,,,,,,,,,,,,,,,,,,,,,,,,,,,,,,,,,,,,,,,,,,,,,,,,,,,,,,,,,,,,,,,,,,,,,,,,,,,,,,,,,,
17095,variation,CON-17095,,ክብ ትቦ CHS,1,0,visible,,,,,taxable,parent,1,,,0,0,,,,,0,,,,,,,,,,id:17068,,,,,,97,,,,,,,,,,,,,,,,,,,,,,,,,,,,,,,,,,,,,,,,,,,,,,,,,,,,,,,,,,,,,,,,,,,,,,,,,,,,,,,,,,,,,,,,,,,,,,,,,,,,,,,,,,,,,,,,,,,,,,,,,,,,,,,,,
17096,variation,CON-17096,,ክብ ትቦ CHS,1,0,visible,,,,,taxable,parent,1,,,0,0,,,,,0,,,,,,,,,,id:17068,,,,,,98,,,,,,,,,,,,,,,,,,,,,,,,,,,,,,,,,,,,,,,,,,,,,,,,,,,,,,,,,,,,,,,,,,,,,,,,,,,,,,,,,,,,,,,,,,,,,,,,,,,,,,,,,,,,,,,,,,,,,,,,,,,,,,,,,
17099,variation,CON-17099,,ክብ ትቦ CHS,1,0,visible,,,,,taxable,parent,1,,,0,0,,,,,0,,,,,,,,,,id:17068,,,,,,99,,,,,,,,,,,,,,,,,,,,,,,,,,,,,,,,,,,,,,,,,,,,,,,,,,,,,,,,,,,,,,,,,,,,,,,,,,,,,,,,,,,,,,,,,,,,,,,,,,,,,,,,,,,,,,,,,,,,,,,,,,,,,,,,,
17100,variation,CON-17100,,ክብ ትቦ CHS,1,0,visible,,,,,taxable,parent,1,,,0,0,,,,,0,,,,,,,,,,id:17068,,,,,,100,,,,,,,,,,,,,,,,,,,,,,,,,,,,,,,,,,,,,,,,,,,,,,,,,,,,,,,,,,,,,,,,,,,,,,,,,,,,,,,,,,,,,,,,,,,,,,,,,,,,,,,,,,,,,,,,,,,,,,,,,,,,,,,,,
17101,variation,CON-17101,,ክብ ትቦ CHS,1,0,visible,,,,,taxable,parent,1,,,0,0,,,,,0,,,,,,,,,,id:17068,,,,,,101,,,,,,,,,,,,,,,,,,,,,,,,,,,,,,,,,,,,,,,,,,,,,,,,,,,,,,,,,,,,,,,,,,,,,,,,,,,,,,,,,,,,,,,,,,,,,,,,,,,,,,,,,,,,,,,,,,,,,,,,,,,,,,,,,
17102,variation,CON-17102,,ክብ ትቦ CHS,1,0,visible,,,,,taxable,parent,1,,,0,0,,,,,0,,,,,,,,,,id:17068,,,,,,102,,,,,,,,,,,,,,,,,,,,,,,,,,,,,,,,,,,,,,,,,,,,,,,,,,,,,,,,,,,,,,,,,,,,,,,,,,,,,,,,,,,,,,,,,,,,,,,,,,,,,,,,,,,,,,,,,,,,,,,,,,,,,,,,,
17103,variation,CON-17103,,ክብ ትቦ CHS,1,0,visible,,,,,taxable,parent,1,,,0,0,,,,,0,,,,,,,,,,id:17068,,,,,,103,,,,,,,,,,,,,,,,,,,,,,,,,,,,,,,,,,,,,,,,,,,,,,,,,,,,,,,,,,,,,,,,,,,,,,,,,,,,,,,,,,,,,,,,,,,,,,,,,,,,,,,,,,,,,,,,,,,,,,,,,,,,,,,,,
17104,variation,CON-17104,,ክብ ትቦ CHS,1,0,visible,,,,,taxable,parent,1,,,0,0,,,,,0,,,,,,,,,,id:17068,,,,,,104,,,,,,,,,,,,,,,,,,,,,,,,,,,,,,,,,,,,,,,,,,,,,,,,,,,,,,,,,,,,,,,,,,,,,,,,,,,,,,,,,,,,,,,,,,,,,,,,,,,,,,,,,,,,,,,,,,,,,,,,,,,,,,,,,
17105,variation,CON-17105,,ክብ ትቦ CHS,1,0,visible,,,,,taxable,parent,1,,,0,0,,,,,0,,,,,,,,,,id:17068,,,,,,105,,,,,,,,,,,,,,,,,,,,,,,,,,,,,,,,,,,,,,,,,,,,,,,,,,,,,,,,,,,,,,,,,,,,,,,,,,,,,,,,,,,,,,,,,,,,,,,,,,,,,,,,,,,,,,,,,,,,,,,,,,,,,,,,,
17106,variation,CON-17106,,ክብ ትቦ CHS,1,0,visible,,,,,taxable,parent,1,,,0,0,,,,,0,,,,,,,,,,id:17068,,,,,,106,,,,,,,,,,,,,,,,,,,,,,,,,,,,,,,,,,,,,,,,,,,,,,,,,,,,,,,,,,,,,,,,,,,,,,,,,,,,,,,,,,,,,,,,,,,,,,,,,,,,,,,,,,,,,,,,,,,,,,,,,,,,,,,,,
17107,variation,CON-17107,,ክብ ትቦ CHS,1,0,visible,,,,,taxable,parent,1,,,0,0,,,,,0,,,,,,,,,,id:17068,,,,,,107,,,,,,,,,,,,,,,,,,,,,,,,,,,,,,,,,,,,,,,,,,,,,,,,,,,,,,,,,,,,,,,,,,,,,,,,,,,,,,,,,,,,,,,,,,,,,,,,,,,,,,,,,,,,,,,,,,,,,,,,,,,,,,,,,
17108,variation,CON-17108,,ክብ ትቦ CHS,1,0,visible,,,,,taxable,parent,1,,,0,0,,,,,0,,,,,,,,,,id:17068,,,,,,108,,,,,,,,,,,,,,,,,,,,,,,,,,,,,,,,,,,,,,,,,,,,,,,,,,,,,,,,,,,,,,,,,,,,,,,,,,,,,,,,,,,,,,,,,,,,,,,,,,,,,,,,,,,,,,,,,,,,,,,,,,,,,,,,,
17109,variation,CON-17109,,ክብ ትቦ CHS,1,0,visible,,,,,taxable,parent,1,,,0,0,,,,,0,,,,,,,,,,id:17068,,,,,,109,,,,,,,,,,,,,,,,,,,,,,,,,,,,,,,,,,,,,,,,,,,,,,,,,,,,,,,,,,,,,,,,,,,,,,,,,,,,,,,,,,,,,,,,,,,,,,,,,,,,,,,,,,,,,,,,,,,,,,,,,,,,,,,,,
17110,variation,CON-17110,,ክብ ትቦ CHS,1,0,visible,,,,,taxable,parent,1,,,0,0,,,,,0,,,,,,,,,,id:17068,,,,,,110,,,,,,,,,,,,,,,,,,,,,,,,,,,,,,,,,,,,,,,,,,,,,,,,,,,,,,,,,,,,,,,,,,,,,,,,,,,,,,,,,,,,,,,,,,,,,,,,,,,,,,,,,,,,,,,,,,,,,,,,,,,,,,,,,
17111,variation,CON-17111,,ክብ ትቦ CHS,1,0,visible,,,,,taxable,parent,1,,,0,0,,,,,0,,,,,,,,,,id:17068,,,,,,111,,,,,,,,,,,,,,,,,,,,,,,,,,,,,,,,,,,,,,,,,,,,,,,,,,,,,,,,,,,,,,,,,,,,,,,,,,,,,,,,,,,,,,,,,,,,,,,,,,,,,,,,,,,,,,,,,,,,,,,,,,,,,,,,,
17112,variation,CON-17112,,ክብ ትቦ CHS,1,0,visible,,,,,taxable,parent,1,,,0,0,,,,,0,,,,,,,,,,id:17068,,,,,,112,,,,,,,,,,,,,,,,,,,,,,,,,,,,,,,,,,,,,,,,,,,,,,,,,,,,,,,,,,,,,,,,,,,,,,,,,,,,,,,,,,,,,,,,,,,,,,,,,,,,,,,,,,,,,,,,,,,,,,,,,,,,,,,,,
17113,variation,CON-17113,,ክብ ትቦ CHS,1,0,visible,,,,,taxable,parent,1,,,0,0,,,,,0,,,,,,,,,,id:17068,,,,,,113,,,,,,,,,,,,,,,,,,,,,,,,,,,,,,,,,,,,,,,,,,,,,,,,,,,,,,,,,,,,,,,,,,,,,,,,,,,,,,,,,,,,,,,,,,,,,,,,,,,,,,,,,,,,,,,,,,,,,,,,,,,,,,,,,
17114,variation,CON-17114,,ክብ ትቦ CHS,1,0,visible,,,,,taxable,parent,1,,,0,0,,,,,0,,,,,,,,,,id:17068,,,,,,114,,,,,,,,,,,,,,,,,,,,,,,,,,,,,,,,,,,,,,,,,,,,,,,,,,,,,,,,,,,,,,,,,,,,,,,,,,,,,,,,,,,,,,,,,,,,,,,,,,,,,,,,,,,,,,,,,,,,,,,,,,,,,,,,,
17115,variation,CON-17115,,ክብ ትቦ CHS,1,0,visible,,,,,taxable,parent,1,,,0,0,,,,,0,,,,,,,,,,id:17068,,,,,,115,,,,,,,,,,,,,,,,,,,,,,,,,,,,,,,,,,,,,,,,,,,,,,,,,,,,,,,,,,,,,,,,,,,,,,,,,,,,,,,,,,,,,,,,,,,,,,,,,,,,,,,,,,,,,,,,,,,,,,,,,,,,,,,,,
17116,variation,CON-17116,,ክብ ትቦ CHS,1,0,visible,,,,,taxable,parent,1,,,0,0,,,,,0,,,,,,,,,,id:17068,,,,,,116,,,,,,,,,,,,,,,,,,,,,,,,,,,,,,,,,,,,,,,,,,,,,,,,,,,,,,,,,,,,,,,,,,,,,,,,,,,,,,,,,,,,,,,,,,,,,,,,,,,,,,,,,,,,,,,,,,,,,,,,,,,,,,,,,
17117,variation,CON-17117,,ክብ ትቦ CHS,1,0,visible,,,,,taxable,parent,1,,,0,0,,,,,0,,,,,,,,,,id:17068,,,,,,117,,,,,,,,,,,,,,,,,,,,,,,,,,,,,,,,,,,,,,,,,,,,,,,,,,,,,,,,,,,,,,,,,,,,,,,,,,,,,,,,,,,,,,,,,,,,,,,,,,,,,,,,,,,,,,,,,,,,,,,,,,,,,,,,,
17118,variation,CON-17118,,ክብ ትቦ CHS,1,0,visible,,,,,taxable,parent,1,,,0,0,,,,,0,,,,,,,,,,id:17068,,,,,,118,,,,,,,,,,,,,,,,,,,,,,,,,,,,,,,,,,,,,,,,,,,,,,,,,,,,,,,,,,,,,,,,,,,,,,,,,,,,,,,,,,,,,,,,,,,,,,,,,,,,,,,,,,,,,,,,,,,,,,,,,,,,,,,,,
17119,variation,CON-17119,,ክብ ትቦ CHS,1,0,visible,,,,,taxable,parent,1,,,0,0,,,,,0,,,,,,,,,,id:17068,,,,,,119,,,,,,,,,,,,,,,,,,,,,,,,,,,,,,,,,,,,,,,,,,,,,,,,,,,,,,,,,,,,,,,,,,,,,,,,,,,,,,,,,,,,,,,,,,,,,,,,,,,,,,,,,,,,,,,,,,,,,,,,,,,,,,,,,
17120,variation,CON-17120,,ክብ ትቦ CHS,1,0,visible,,,,,taxable,parent,1,,,0,0,,,,,0,,,,,,,,,,id:17068,,,,,,120,,,,,,,,,,,,,,,,,,,,,,,,,,,,,,,,,,,,,,,,,,,,,,,,,,,,,,,,,,,,,,,,,,,,,,,,,,,,,,,,,,,,,,,,,,,,,,,,,,,,,,,,,,,,,,,,,,,,,,,,,,,,,,,,,
17121,variation,CON-17121,,ክብ ትቦ CHS,1,0,visible,,,,,taxable,parent,1,,,0,0,,,,,0,,,,,,,,,,id:17068,,,,,,21,,,,,,,,,,,,,,,,,,,,,,,,,,,,,,,,,,,,,,,,,,,,,,,,,,,,,,,,,,,,,,,,,,,,,,,,,,,,,,,,,,,,,,,,,,,,,,,,,,,,,,,,,,,,,,,,,,,,,,,,,,,,,,,,,
17122,variation,CON-17122,,ክብ ትቦ CHS,1,0,visible,,,,,taxable,parent,1,,,0,0,,,,,0,,,,,,,,,,id:17068,,,,,,22,,,,,,,,,,,,,,,,,,,,,,,,,,,,,,,,,,,,,,,,,,,,,,,,,,,,,,,,,,,,,,,,,,,,,,,,,,,,,,,,,,,,,,,,,,,,,,,,,,,,,,,,,,,,,,,,,,,,,,,,,,,,,,,,,
17123,variation,CON-17123,,ክብ ትቦ CHS,1,0,visible,,,,,taxable,parent,1,,,0,0,,,,,0,,,,,,,,,,id:17068,,,,,,23,,,,,,,,,,,,,,,,,,,,,,,,,,,,,,,,,,,,,,,,,,,,,,,,,,,,,,,,,,,,,,,,,,,,,,,,,,,,,,,,,,,,,,,,,,,,,,,,,,,,,,,,,,,,,,,,,,,,,,,,,,,,,,,,,
17124,variation,CON-17124,,ክብ ትቦ CHS,1,0,visible,,,,,taxable,parent,1,,,0,0,,,,,0,,,,,,,,,,id:17068,,,,,,24,,,,,,,,,,,,,,,,,,,,,,,,,,,,,,,,,,,,,,,,,,,,,,,,,,,,,,,,,,,,,,,,,,,,,,,,,,,,,,,,,,,,,,,,,,,,,,,,,,,,,,,,,,,,,,,,,,,,,,,,,,,,,,,,,
17125,variation,CON-17125,,ክብ ትቦ CHS,1,0,visible,,,,,taxable,parent,1,,,0,0,,,,,0,,,,,,,,,,id:17068,,,,,,25,,,,,,,,,,,,,,,,,,,,,,,,,,,,,,,,,,,,,,,,,,,,,,,,,,,,,,,,,,,,,,,,,,,,,,,,,,,,,,,,,,,,,,,,,,,,,,,,,,,,,,,,,,,,,,,,,,,,,,,,,,,,,,,,,
17126,variation,CON-17126,,ክብ ትቦ CHS,1,0,visible,,,,,taxable,parent,1,,,0,0,,,,,0,,,,,,,,,,id:17068,,,,,,26,,,,,,,,,,,,,,,,,,,,,,,,,,,,,,,,,,,,,,,,,,,,,,,,,,,,,,,,,,,,,,,,,,,,,,,,,,,,,,,,,,,,,,,,,,,,,,,,,,,,,,,,,,,,,,,,,,,,,,,,,,,,,,,,,
17127,variation,CON-17127,,ክብ ትቦ CHS,1,0,visible,,,,,taxable,parent,1,,,0,0,,,,,0,,,,,,,,,,id:17068,,,,,,27,,,,,,,,,,,,,,,,,,,,,,,,,,,,,,,,,,,,,,,,,,,,,,,,,,,,,,,,,,,,,,,,,,,,,,,,,,,,,,,,,,,,,,,,,,,,,,,,,,,,,,,,,,,,,,,,,,,,,,,,,,,,,,,,,
17128,variation,CON-17128,,ክብ ትቦ CHS,1,0,visible,,,,,taxable,parent,1,,,0,0,,,,,0,,,,,,,,,,id:17068,,,,,,28,,,,,,,,,,,,,,,,,,,,,,,,,,,,,,,,,,,,,,,,,,,,,,,,,,,,,,,,,,,,,,,,,,,,,,,,,,,,,,,,,,,,,,,,,,,,,,,,,,,,,,,,,,,,,,,,,,,,,,,,,,,,,,,,,
17129,variation,CON-17129,,ክብ ትቦ CHS,1,0,visible,,,,,taxable,parent,1,,,0,0,,,,,0,,,,,,,,,,id:17068,,,,,,29,,,,,,,,,,,,,,,,,,,,,,,,,,,,,,,,,,,,,,,,,,,,,,,,,,,,,,,,,,,,,,,,,,,,,,,,,,,,,,,,,,,,,,,,,,,,,,,,,,,,,,,,,,,,,,,,,,,,,,,,,,,,,,,,,
17130,variation,CON-17130,,ክብ ትቦ CHS,1,0,visible,,,,,taxable,parent,1,,,0,0,,,,,0,,,,,,,,,,id:17068,,,,,,30,,,,,,,,,,,,,,,,,,,,,,,,,,,,,,,,,,,,,,,,,,,,,,,,,,,,,,,,,,,,,,,,,,,,,,,,,,,,,,,,,,,,,,,,,,,,,,,,,,,,,,,,,,,,,,,,,,,,,,,,,,,,,,,,,
17131,variation,CON-17131,,ክብ ትቦ CHS,1,0,visible,,,,,taxable,parent,1,,,0,0,,,,,0,,,,,,,,,,id:17068,,,,,,31,,,,,,,,,,,,,,,,,,,,,,,,,,,,,,,,,,,,,,,,,,,,,,,,,,,,,,,,,,,,,,,,,,,,,,,,,,,,,,,,,,,,,,,,,,,,,,,,,,,,,,,,,,,,,,,,,,,,,,,,,,,,,,,,,
17132,variation,CON-17132,,ክብ ትቦ CHS,1,0,visible,,,,,taxable,parent,1,,,0,0,,,,,0,,,,,,,,,,id:17068,,,,,,32,,,,,,,,,,,,,,,,,,,,,,,,,,,,,,,,,,,,,,,,,,,,,,,,,,,,,,,,,,,,,,,,,,,,,,,,,,,,,,,,,,,,,,,,,,,,,,,,,,,,,,,,,,,,,,,,,,,,,,,,,,,,,,,,,
17133,variation,CON-17133,,ክብ ትቦ CHS,1,0,visible,,,,,taxable,parent,1,,,0,0,,,,,0,,,,,,,,,,id:17068,,,,,,33,,,,,,,,,,,,,,,,,,,,,,,,,,,,,,,,,,,,,,,,,,,,,,,,,,,,,,,,,,,,,,,,,,,,,,,,,,,,,,,,,,,,,,,,,,,,,,,,,,,,,,,,,,,,,,,,,,,,,,,,,,,,,,,,,
17134,variation,CON-17134,,ክብ ትቦ CHS,1,0,visible,,,,,taxable,parent,1,,,0,0,,,,,0,,,,,,,,,,id:17068,,,,,,34,,,,,,,,,,,,,,,,,,,,,,,,,,,,,,,,,,,,,,,,,,,,,,,,,,,,,,,,,,,,,,,,,,,,,,,,,,,,,,,,,,,,,,,,,,,,,,,,,,,,,,,,,,,,,,,,,,,,,,,,,,,,,,,,,
17135,variation,CON-17135,,ክብ ትቦ CHS,1,0,visible,,,,,taxable,parent,1,,,0,0,,,,,0,,,,,,,,,,id:17068,,,,,,35,,,,,,,,,,,,,,,,,,,,,,,,,,,,,,,,,,,,,,,,,,,,,,,,,,,,,,,,,,,,,,,,,,,,,,,,,,,,,,,,,,,,,,,,,,,,,,,,,,,,,,,,,,,,,,,,,,,,,,,,,,,,,,,,,
17136,variation,CON-17136,,ክብ ትቦ CHS,1,0,visible,,,,,taxable,parent,1,,,0,0,,,,,0,,,,,,,,,,id:17068,,,,,,36,,,,,,,,,,,,,,,,,,,,,,,,,,,,,,,,,,,,,,,,,,,,,,,,,,,,,,,,,,,,,,,,,,,,,,,,,,,,,,,,,,,,,,,,,,,,,,,,,,,,,,,,,,,,,,,,,,,,,,,,,,,,,,,,,
17137,variation,CON-17137,,ክብ ትቦ CHS,1,0,visible,,,,,taxable,parent,1,,,0,0,,,,,0,,,,,,,,,,id:17068,,,,,,37,,,,,,,,,,,,,,,,,,,,,,,,,,,,,,,,,,,,,,,,,,,,,,,,,,,,,,,,,,,,,,,,,,,,,,,,,,,,,,,,,,,,,,,,,,,,,,,,,,,,,,,,,,,,,,,,,,,,,,,,,,,,,,,,,
17138,variation,CON-17138,,ክብ ትቦ CHS,1,0,visible,,,,,taxable,parent,1,,,0,0,,,,,0,,,,,,,,,,id:17068,,,,,,38,,,,,,,,,,,,,,,,,,,,,,,,,,,,,,,,,,,,,,,,,,,,,,,,,,,,,,,,,,,,,,,,,,,,,,,,,,,,,,,,,,,,,,,,,,,,,,,,,,,,,,,,,,,,,,,,,,,,,,,,,,,,,,,,,
17139,variation,CON-17139,,ክብ ትቦ CHS,1,0,visible,,,,,taxable,parent,1,,,0,0,,,,,0,,,,,,,,,,id:17068,,,,,,39,,,,,,,,,,,,,,,,,,,,,,,,,,,,,,,,,,,,,,,,,,,,,,,,,,,,,,,,,,,,,,,,,,,,,,,,,,,,,,,,,,,,,,,,,,,,,,,,,,,,,,,,,,,,,,,,,,,,,,,,,,,,,,,,,
17140,variation,CON-17140,,ክብ ትቦ CHS,1,0,visible,,,,,taxable,parent,1,,,0,0,,,,,0,,,,,,,,,,id:17068,,,,,,40,,,,,,,,,,,,,,,,,,,,,,,,,,,,,,,,,,,,,,,,,,,,,,,,,,,,,,,,,,,,,,,,,,,,,,,,,,,,,,,,,,,,,,,,,,,,,,,,,,,,,,,,,,,,,,,,,,,,,,,,,,,,,,,,,
17141,variation,CON-17141,,ክብ ትቦ CHS,1,0,visible,,,,,taxable,parent,1,,,0,0,,,,,0,,,,,,,,,,id:17068,,,,,,41,,,,,,,,,,,,,,,,,,,,,,,,,,,,,,,,,,,,,,,,,,,,,,,,,,,,,,,,,,,,,,,,,,,,,,,,,,,,,,,,,,,,,,,,,,,,,,,,,,,,,,,,,,,,,,,,,,,,,,,,,,,,,,,,,
17142,variation,CON-17142,,ክብ ትቦ CHS,1,0,visible,,,,,taxable,parent,1,,,0,0,,,,,0,,,,,,,,,,id:17068,,,,,,42,,,,,,,,,,,,,,,,,,,,,,,,,,,,,,,,,,,,,,,,,,,,,,,,,,,,,,,,,,,,,,,,,,,,,,,,,,,,,,,,,,,,,,,,,,,,,,,,,,,,,,,,,,,,,,,,,,,,,,,,,,,,,,,,,
17143,variation,CON-17143,,ክብ ትቦ CHS,1,0,visible,,,,,taxable,parent,1,,,0,0,,,,,0,,,,,,,,,,id:17068,,,,,,43,,,,,,,,,,,,,,,,,,,,,,,,,,,,,,,,,,,,,,,,,,,,,,,,,,,,,,,,,,,,,,,,,,,,,,,,,,,,,,,,,,,,,,,,,,,,,,,,,,,,,,,,,,,,,,,,,,,,,,,,,,,,,,,,,
17144,variation,CON-17144,,ክብ ትቦ CHS,1,0,visible,,,,,taxable,parent,1,,,0,0,,,,,0,,,,,,,,,,id:17068,,,,,,44,,,,,,,,,,,,,,,,,,,,,,,,,,,,,,,,,,,,,,,,,,,,,,,,,,,,,,,,,,,,,,,,,,,,,,,,,,,,,,,,,,,,,,,,,,,,,,,,,,,,,,,,,,,,,,,,,,,,,,,,,,,,,,,,,
17145,variation,CON-17145,,ክብ ትቦ CHS,1,0,visible,,,,,taxable,parent,1,,,0,0,,,,,0,,,,,,,,,,id:17068,,,,,,45,,,,,,,,,,,,,,,,,,,,,,,,,,,,,,,,,,,,,,,,,,,,,,,,,,,,,,,,,,,,,,,,,,,,,,,,,,,,,,,,,,,,,,,,,,,,,,,,,,,,,,,,,,,,,,,,,,,,,,,,,,,,,,,,,
17146,variation,CON-17146,,ክብ ትቦ CHS,1,0,visible,,,,,taxable,parent,1,,,0,0,,,,,0,,,,,,,,,,id:17068,,,,,,46,,,,,,,,,,,,,,,,,,,,,,,,,,,,,,,,,,,,,,,,,,,,,,,,,,,,,,,,,,,,,,,,,,,,,,,,,,,,,,,,,,,,,,,,,,,,,,,,,,,,,,,,,,,,,,,,,,,,,,,,,,,,,,,,,
17147,variation,CON-17147,,ክብ ትቦ CHS,1,0,visible,,,,,taxable,parent,1,,,0,0,,,,,0,,,,,,,,,,id:17068,,,,,,47,,,,,,,,,,,,,,,,,,,,,,,,,,,,,,,,,,,,,,,,,,,,,,,,,,,,,,,,,,,,,,,,,,,,,,,,,,,,,,,,,,,,,,,,,,,,,,,,,,,,,,,,,,,,,,,,,,,,,,,,,,,,,,,,,
17148,variation,CON-17148,,ክብ ትቦ CHS,1,0,visible,,,,,taxable,parent,1,,,0,0,,,,,0,,,,,,,,,,id:17068,,,,,,48,,,,,,,,,,,,,,,,,,,,,,,,,,,,,,,,,,,,,,,,,,,,,,,,,,,,,,,,,,,,,,,,,,,,,,,,,,,,,,,,,,,,,,,,,,,,,,,,,,,,,,,,,,,,,,,,,,,,,,,,,,,,,,,,,
17149,variation,CON-17149,,ክብ ትቦ CHS,1,0,visible,,,,,taxable,parent,1,,,0,0,,,,,0,,,,,,,,,,id:17068,,,,,,49,,,,,,,,,,,,,,,,,,,,,,,,,,,,,,,,,,,,,,,,,,,,,,,,,,,,,,,,,,,,,,,,,,,,,,,,,,,,,,,,,,,,,,,,,,,,,,,,,,,,,,,,,,,,,,,,,,,,,,,,,,,,,,,,,
17150,variation,CON-17150,,ክብ ትቦ CHS,1,0,visible,,,,,taxable,parent,1,,,0,0,,,,,0,,,,,,,,,,id:17068,,,,,,50,,,,,,,,,,,,,,,,,,,,,,,,,,,,,,,,,,,,,,,,,,,,,,,,,,,,,,,,,,,,,,,,,,,,,,,,,,,,,,,,,,,,,,,,,,,,,,,,,,,,,,,,,,,,,,,,,,,,,,,,,,,,,,,,,
17151,variation,CON-17151,,ክብ ትቦ CHS,1,0,visible,,,,,taxable,parent,1,,,0,0,,,,,0,,,,,,,,,,id:17068,,,,,,51,,,,,,,,,,,,,,,,,,,,,,,,,,,,,,,,,,,,,,,,,,,,,,,,,,,,,,,,,,,,,,,,,,,,,,,,,,,,,,,,,,,,,,,,,,,,,,,,,,,,,,,,,,,,,,,,,,,,,,,,,,,,,,,,,
17152,variation,CON-17152,,ክብ ትቦ CHS,1,0,visible,,,,,taxable,parent,1,,,0,0,,,,,0,,,,,,,,,,id:17068,,,,,,52,,,,,,,,,,,,,,,,,,,,,,,,,,,,,,,,,,,,,,,,,,,,,,,,,,,,,,,,,,,,,,,,,,,,,,,,,,,,,,,,,,,,,,,,,,,,,,,,,,,,,,,,,,,,,,,,,,,,,,,,,,,,,,,,,
17153,variation,CON-17153,,ክብ ትቦ CHS,1,0,visible,,,,,taxable,parent,1,,,0,0,,,,,0,,,,,,,,,,id:17068,,,,,,53,,,,,,,,,,,,,,,,,,,,,,,,,,,,,,,,,,,,,,,,,,,,,,,,,,,,,,,,,,,,,,,,,,,,,,,,,,,,,,,,,,,,,,,,,,,,,,,,,,,,,,,,,,,,,,,,,,,,,,,,,,,,,,,,,
17154,variation,CON-17154,,ክብ ትቦ CHS,1,0,visible,,,,,taxable,parent,1,,,0,0,,,,,0,,,,,,,,,,id:17068,,,,,,54,,,,,,,,,,,,,,,,,,,,,,,,,,,,,,,,,,,,,,,,,,,,,,,,,,,,,,,,,,,,,,,,,,,,,,,,,,,,,,,,,,,,,,,,,,,,,,,,,,,,,,,,,,,,,,,,,,,,,,,,,,,,,,,,,
17155,variation,CON-17155,,ክብ ትቦ CHS,1,0,visible,,,,,taxable,parent,1,,,0,0,,,,,0,,,,,,,,,,id:17068,,,,,,55,,,,,,,,,,,,,,,,,,,,,,,,,,,,,,,,,,,,,,,,,,,,,,,,,,,,,,,,,,,,,,,,,,,,,,,,,,,,,,,,,,,,,,,,,,,,,,,,,,,,,,,,,,,,,,,,,,,,,,,,,,,,,,,,,
17156,variation,CON-17156,,ክብ ትቦ CHS,1,0,visible,,,,,taxable,parent,1,,,0,0,,,,,0,,,,,,,,,,id:17068,,,,,,56,,,,,,,,,,,,,,,,,,,,,,,,,,,,,,,,,,,,,,,,,,,,,,,,,,,,,,,,,,,,,,,,,,,,,,,,,,,,,,,,,,,,,,,,,,,,,,,,,,,,,,,,,,,,,,,,,,,,,,,,,,,,,,,,,
17157,variation,CON-17157,,ክብ ትቦ CHS,1,0,visible,,,,,taxable,parent,1,,,0,0,,,,,0,,,,,,,,,,id:17068,,,,,,57,,,,,,,,,,,,,,,,,,,,,,,,,,,,,,,,,,,,,,,,,,,,,,,,,,,,,,,,,,,,,,,,,,,,,,,,,,,,,,,,,,,,,,,,,,,,,,,,,,,,,,,,,,,,,,,,,,,,,,,,,,,,,,,,,
17158,variation,CON-17158,,ክብ ትቦ CHS,1,0,visible,,,,,taxable,parent,1,,,0,0,,,,,0,,,,,,,,,,id:17068,,,,,,58,,,,,,,,,,,,,,,,,,,,,,,,,,,,,,,,,,,,,,,,,,,,,,,,,,,,,,,,,,,,,,,,,,,,,,,,,,,,,,,,,,,,,,,,,,,,,,,,,,,,,,,,,,,,,,,,,,,,,,,,,,,,,,,,,
17159,variation,CON-17159,,ክብ ትቦ CHS,1,0,visible,,,,,taxable,parent,1,,,0,0,,,,,0,,,,,,,,,,id:17068,,,,,,59,,,,,,,,,,,,,,,,,,,,,,,,,,,,,,,,,,,,,,,,,,,,,,,,,,,,,,,,,,,,,,,,,,,,,,,,,,,,,,,,,,,,,,,,,,,,,,,,,,,,,,,,,,,,,,,,,,,,,,,,,,,,,,,,,
17160,variation,CON-17160,,ክብ ትቦ CHS,1,0,visible,,,,,taxable,parent,1,,,0,0,,,,,0,,,,,,,,,,id:17068,,,,,,60,,,,,,,,,,,,,,,,,,,,,,,,,,,,,,,,,,,,,,,,,,,,,,,,,,,,,,,,,,,,,,,,,,,,,,,,,,,,,,,,,,,,,,,,,,,,,,,,,,,,,,,,,,,,,,,,,,,,,,,,,,,,,,,,,
17161,variation,CON-17161,,ክብ ትቦ CHS,1,0,visible,,,,,taxable,parent,1,,,0,0,,,,,0,,,,,,,,,,id:17068,,,,,,61,,,,,,,,,,,,,,,,,,,,,,,,,,,,,,,,,,,,,,,,,,,,,,,,,,,,,,,,,,,,,,,,,,,,,,,,,,,,,,,,,,,,,,,,,,,,,,,,,,,,,,,,,,,,,,,,,,,,,,,,,,,,,,,,,
17162,variation,CON-17162,,ክብ ትቦ CHS,1,0,visible,,,,,taxable,parent,1,,,0,0,,,,,0,,,,,,,,,,id:17068,,,,,,62,,,,,,,,,,,,,,,,,,,,,,,,,,,,,,,,,,,,,,,,,,,,,,,,,,,,,,,,,,,,,,,,,,,,,,,,,,,,,,,,,,,,,,,,,,,,,,,,,,,,,,,,,,,,,,,,,,,,,,,,,,,,,,,,,
17163,variation,CON-17163,,ክብ ትቦ CHS,1,0,visible,,,,,taxable,parent,1,,,0,0,,,,,0,,,,,,,,,,id:17068,,,,,,63,,,,,,,,,,,,,,,,,,,,,,,,,,,,,,,,,,,,,,,,,,,,,,,,,,,,,,,,,,,,,,,,,,,,,,,,,,,,,,,,,,,,,,,,,,,,,,,,,,,,,,,,,,,,,,,,,,,,,,,,,,,,,,,,,
17164,variation,CON-17164,,ክብ ትቦ CHS,1,0,visible,,,,,taxable,parent,1,,,0,0,,,,,0,,,,,,,,,,id:17068,,,,,,64,,,,,,,,,,,,,,,,,,,,,,,,,,,,,,,,,,,,,,,,,,,,,,,,,,,,,,,,,,,,,,,,,,,,,,,,,,,,,,,,,,,,,,,,,,,,,,,,,,,,,,,,,,,,,,,,,,,,,,,,,,,,,,,,,
17165,variation,CON-17165,,ክብ ትቦ CHS,1,0,visible,,,,,taxable,parent,1,,,0,0,,,,,0,,,,,,,,,,id:17068,,,,,,65,,,,,,,,,,,,,,,,,,,,,,,,,,,,,,,,,,,,,,,,,,,,,,,,,,,,,,,,,,,,,,,,,,,,,,,,,,,,,,,,,,,,,,,,,,,,,,,,,,,,,,,,,,,,,,,,,,,,,,,,,,,,,,,,,
17166,variation,CON-17166,,ክብ ትቦ CHS,1,0,visible,,,,,taxable,parent,1,,,0,0,,,,,0,,,,,,,,,,id:17068,,,,,,66,,,,,,,,,,,,,,,,,,,,,,,,,,,,,,,,,,,,,,,,,,,,,,,,,,,,,,,,,,,,,,,,,,,,,,,,,,,,,,,,,,,,,,,,,,,,,,,,,,,,,,,,,,,,,,,,,,,,,,,,,,,,,,,,,
17167,variation,CON-17167,,ክብ ትቦ CHS,1,0,visible,,,,,taxable,parent,1,,,0,0,,,,,0,,,,,,,,,,id:17068,,,,,,67,,,,,,,,,,,,,,,,,,,,,,,,,,,,,,,,,,,,,,,,,,,,,,,,,,,,,,,,,,,,,,,,,,,,,,,,,,,,,,,,,,,,,,,,,,,,,,,,,,,,,,,,,,,,,,,,,,,,,,,,,,,,,,,,,
17168,variation,CON-17168,,ክብ ትቦ CHS,1,0,visible,,,,,taxable,parent,1,,,0,0,,,,,0,,,,,,,,,,id:17068,,,,,,68,,,,,,,,,,,,,,,,,,,,,,,,,,,,,,,,,,,,,,,,,,,,,,,,,,,,,,,,,,,,,,,,,,,,,,,,,,,,,,,,,,,,,,,,,,,,,,,,,,,,,,,,,,,,,,,,,,,,,,,,,,,,,,,,,
17169,variation,CON-17169,,ክብ ትቦ CHS,1,0,visible,,,,,taxable,parent,1,,,0,0,,,,,0,,,,,,,,,,id:17068,,,,,,69,,,,,,,,,,,,,,,,,,,,,,,,,,,,,,,,,,,,,,,,,,,,,,,,,,,,,,,,,,,,,,,,,,,,,,,,,,,,,,,,,,,,,,,,,,,,,,,,,,,,,,,,,,,,,,,,,,,,,,,,,,,,,,,,,
17170,variation,CON-17170,,ክብ ትቦ CHS,1,0,visible,,,,,taxable,parent,1,,,0,0,,,,,0,,,,,,,,,,id:17068,,,,,,70,,,,,,,,,,,,,,,,,,,,,,,,,,,,,,,,,,,,,,,,,,,,,,,,,,,,,,,,,,,,,,,,,,,,,,,,,,,,,,,,,,,,,,,,,,,,,,,,,,,,,,,,,,,,,,,,,,,,,,,,,,,,,,,,,
17171,variation,CON-17171,,ክብ ትቦ CHS,1,0,visible,,,,,taxable,parent,1,,,0,0,,,,,0,,,133,,,,,,,id:17068,,,,,,1,,,,,,,,,,,,,,,,,,,,,,,,,,,,,,,,,,,,,,,,,,,,,,1768100573,synced,,,,,,,,,,,,,,,,,,,,,,,,,,,,,,,,,,,,,,,,,,,,,,,,,,,,,,,,,,,,,,,,,,,,,,,,,,,,,,,,,,
17172,variation,CON-17172,,ክብ ትቦ CHS,1,0,visible,,,,,taxable,parent,1,,,0,0,,,,,0,,,133,,,,,,,id:17068,,,,,,2,,,,,,,,,,,,,,,,,,,,,,,,,,,,,,,,,,,,,,,,,,,,,,1768100573,synced,,,,,,,,,,,,,,,,,,,,,,,,,,,,,,,,,,,,,,,,,,,,,,,,,,,,,,,,,,,,,,,,,,,,,,,,,,,,,,,,,,
17173,variation,CON-17173,,ክብ ትቦ CHS,1,0,visible,,,,,taxable,parent,1,,,0,0,,,,,0,,,133,,,,,,,id:17068,,,,,,3,,,,,,,,,,,,,,,,,,,,,,,,,,,,,,,,,,,,,,,,,,,,,,1768100573,synced,,,,,,,,,,,,,,,,,,,,,,,,,,,,,,,,,,,,,,,,,,,,,,,,,,,,,,,,,,,,,,,,,,,,,,,,,,,,,,,,,,
17174,variation,CON-17174,,ክብ ትቦ CHS,1,0,visible,,,,,taxable,parent,1,,,0,0,,,,,0,,,133,,,,,,,id:17068,,,,,,4,,,,,,,,,,,,,,,,,,,,,,,,,,,,,,,,,,,,,,,,,,,,,,1768100574,synced,,,,,,,,,,,,,,,,,,,,,,,,,,,,,,,,,,,,,,,,,,,,,,,,,,,,,,,,,,,,,,,,,,,,,,,,,,,,,,,,,,
17175,variation,CON-17175,,ክብ ትቦ CHS,1,0,visible,,,,,taxable,parent,1,,,0,0,,,,,0,,,133,,,,,,,id:17068,,,,,,5,,,,,,,,,,,,,,,,,,,,,,,,,,,,,,,,,,,,,,,,,,,,,,1768100574,synced,,,,,,,,,,,,,,,,,,,,,,,,,,,,,,,,,,,,,,,,,,,,,,,,,,,,,,,,,,,,,,,,,,,,,,,,,,,,,,,,,,
17176,variation,CON-17176,,ክብ ትቦ CHS,1,0,visible,,,,,taxable,parent,1,,,0,0,,,,,0,,,133,,,,,,,id:17068,,,,,,6,,,,,,,,,,,,,,,,,,,,,,,,,,,,,,,,,,,,,,,,,,,,,,1768100574,synced,,,,,,,,,,,,,,,,,,,,,,,,,,,,,,,,,,,,,,,,,,,,,,,,,,,,,,,,,,,,,,,,,,,,,,,,,,,,,,,,,,
17177,variation,CON-17177,,ክብ ትቦ CHS,1,0,visible,,,,,taxable,parent,1,,,0,0,,,,,0,,,133,,,,,,,id:17068,,,,,,7,,,,,,,,,,,,,,,,,,,,,,,,,,,,,,,,,,,,,,,,,,,,,,1768100574,synced,,,,,,,,,,,,,,,,,,,,,,,,,,,,,,,,,,,,,,,,,,,,,,,,,,,,,,,,,,,,,,,,,,,,,,,,,,,,,,,,,,
17180,variation,CON-17180,,ክብ ትቦ CHS,1,0,visible,,,,,taxable,parent,1,,,0,0,,,,,0,,,133,,,,,,,id:17068,,,,,,10,,,,,,,,,,,,,,,,,,,,,,,,,,,,,,,,,,,,,,,,,,,,,,1768100574,synced,,,,,,,,,,,,,,,,,,,,,,,,,,,,,,,,,,,,,,,,,,,,,,,,,,,,,,,,,,,,,,,,,,,,,,,,,,,,,,,,,,
17181,variation,CON-17181,,ክብ ትቦ CHS,1,0,visible,,,,,taxable,parent,1,,,0,0,,,,,0,,,133,,,,,,,id:17068,,,,,,11,,,,,,,,,,,,,,,,,,,,,,,,,,,,,,,,,,,,,,,,,,,,,,1768100574,synced,,,,,,,,,,,,,,,,,,,,,,,,,,,,,,,,,,,,,,,,,,,,,,,,,,,,,,,,,,,,,,,,,,,,,,,,,,,,,,,,,,
17182,variation,CON-17182,,ክብ ትቦ CHS,1,0,visible,,,,,taxable,parent,1,,,0,0,,,,,0,,,133,,,,,,,id:17068,,,,,,12,,,,,,,,,,,,,,,,,,,,,,,,,,,,,,,,,,,,,,,,,,,,,,1768100574,synced,,,,,,,,,,,,,,,,,,,,,,,,,,,,,,,,,,,,,,,,,,,,,,,,,,,,,,,,,,,,,,,,,,,,,,,,,,,,,,,,,,
17184,variation,CON-17184,,ክብ ትቦ CHS,1,0,visible,,,,,taxable,parent,1,,,0,0,,,,,0,,,133,,,,,,,id:17068,,,,,,14,,,,,,,,,,,,,,,,,,,,,,,,,,,,,,,,,,,,,,,,,,,,,,1768100574,synced,,,,,,,,,,,,,,,,,,,,,,,,,,,,,,,,,,,,,,,,,,,,,,,,,,,,,,,,,,,,,,,,,,,,,,,,,,,,,,,,,,
17185,variation,CON-17185,,ክብ ትቦ CHS,1,0,visible,,,,,taxable,parent,1,,,0,0,,,,,0,,,133,,,,,,,id:17068,,,,,,15,,,,,,,,,,,,,,,,,,,,,,,,,,,,,,,,,,,,,,,,,,,,,,1768100574,synced,,,,,,,,,,,,,,,,,,,,,,,,,,,,,,,,,,,,,,,,,,,,,,,,,,,,,,,,,,,,,,,,,,,,,,,,,,,,,,,,,,
17186,variation,CON-17186,,ክብ ትቦ CHS,1,0,visible,,,,,taxable,parent,1,,,0,0,,,,,0,,,,,,,,,,id:17068,,,,,,16,,,,,,,,,,,,,,,,,,,,,,,,,,,,,,,,,,,,,,,,,,,,,,,,,,,,,,,,,,,,,,,,,,,,,,,,,,,,,,,,,,,,,,,,,,,,,,,,,,,,,,,,,,,,,,,,,,,,,,,,,,,,,,,,,
17187,variation,CON-17187,,ክብ ትቦ CHS,1,0,visible,,,,,taxable,parent,1,,,0,0,,,,,0,,,,,,,,,,id:17068,,,,,,17,,,,,,,,,,,,,,,,,,,,,,,,,,,,,,,,,,,,,,,,,,,,,,,,,,,,,,,,,,,,,,,,,,,,,,,,,,,,,,,,,,,,,,,,,,,,,,,,,,,,,,,,,,,,,,,,,,,,,,,,,,,,,,,,,
17192,variation,CON-17192,,H Beam ኤች ቢም,1,0,visible,,,,,taxable,parent,1,,,0,0,,,,,0,,,250,,,,,,,id:17191,,,,,,1,,የቢሙ ሳይዝ,150x150,,0,,,,,,,,,,,,,,,,,,,,,,,,,,,,,,,,,,,,,,,,,1787195014,synced,,,approved,,የቢሙ ቲክነስ,7,,0,,,,,,,,,,,,,,,,,,,,,,,,,,,,,,,,,,,,,,,,,,,,,,,,,,,,,,,,,,,,,,,,,,,,,,,,,,
17193,variation,CON-17193,,H Beam ኤች ቢም,1,0,visible,,,,,taxable,parent,1,,,0,0,,,,,0,,,250,,,,,,,id:17191,,,,,,2,,የቢሙ ሳይዝ,150x150,,0,,,,,,,,,,,,,,,,,,,,,,,,,,,,,,,,,,,,,,,,,1787195014,synced,,,approved,,የቢሙ ቲክነስ,8,,0,,,,,,,,,,,,,,,,,,,,,,,,,,,,,,,,,,,,,,,,,,,,,,,,,,,,,,,,,,,,,,,,,,,,,,,,,,
17194,variation,CON-17194,,H Beam ኤች ቢም,1,0,visible,,,,,taxable,parent,1,,,0,0,,,,,0,,,250,,,,,,,id:17191,,,,,,3,,የቢሙ ሳይዝ,200x200,,0,,,,,,,,,,,,,,,,,,,,,,,,,,,,,,,,,,,,,,,,,1787195014,synced,,,approved,,የቢሙ ቲክነስ,7,,0,,,,,,,,,,,,,,,,,,,,,,,,,,,,,,,,,,,,,,,,,,,,,,,,,,,,,,,,,,,,,,,,,,,,,,,,,,
17195,variation,CON-17195,,H Beam ኤች ቢም,1,0,visible,,,,,taxable,parent,1,,,0,0,,,,,0,,,250,,,,,,,id:17191,,,,,,4,,የቢሙ ሳይዝ,200x200,,0,,,,,,,,,,,,,,,,,,,,,,,,,,,,,,,,,,,,,,,,,1787195014,synced,,,approved,,የቢሙ ቲክነስ,8,,0,,,,,,,,,,,,,,,,,,,,,,,,,,,,,,,,,,,,,,,,,,,,,,,,,,,,,,,,,,,,,,,,,,,,,,,,,,
17198,variation,CON-17198,,አይ ቢም I Beam,1,0,visible,,,,,taxable,parent,1,,,0,0,,,,,0,,,250,,,,,,,id:17197,,,,,,1,,የቢሙ ሳይዝ,160 x 75,,0,,,,,,,,,,,,,,,,,,,,,,,,,,,,,,,,,,,,,,,,,1787195015,synced,,,approved,,የቢሙ ውፍረት,5,,0,,,,,,,,,,,,,,,,,,,,,,,,,,,,,,,,,,,,,,,,,,,,,,,,,,,,,,,,,,,,,,,,,,,,,,,,,,
17199,variation,CON-17199,,አይ ቢም I Beam,1,0,visible,,,,,taxable,parent,1,,,0,0,,,,,0,,,250,,,,,,,id:17197,,,,,,2,,የቢሙ ሳይዝ,160 x 75,,0,,,,,,,,,,,,,,,,,,,,,,,,,,,,,,,,,,,,,,,,,1787195015,synced,,,approved,,የቢሙ ውፍረት,6,,0,,,,,,,,,,,,,,,,,,,,,,,,,,,,,,,,,,,,,,,,,,,,,,,,,,,,,,,,,,,,,,,,,,,,,,,,,,
17200,variation,CON-17200,,አይ ቢም I Beam,1,0,visible,,,,,taxable,parent,1,,,0,0,,,,,0,,,250,,,,,,,id:17197,,,,,,3,,የቢሙ ሳይዝ,200 x 95,,0,,,,,,,,,,,,,,,,,,,,,,,,,,,,,,,,,,,,,,,,,1787195015,synced,,,approved,,የቢሙ ውፍረት,5,,0,,,,,,,,,,,,,,,,,,,,,,,,,,,,,,,,,,,,,,,,,,,,,,,,,,,,,,,,,,,,,,,,,,,,,,,,,,
17201,variation,CON-17201,,አይ ቢም I Beam,1,0,visible,,,,,taxable,parent,1,,,0,0,,,,,0,,,250,,,,,,,id:17197,,,,,,4,,የቢሙ ሳይዝ,200 x 95,,0,,,,,,,,,,,,,,,,,,,,,,,,,,,,,,,,,,,,,,,,,1787195015,synced,,,approved,,የቢሙ ውፍረት,6,,0,,,,,,,,,,,,,,,,,,,,,,,,,,,,,,,,,,,,,,,,,,,,,,,,,,,,,,,,,,,,,,,,,,,,,,,,,,
17202,variation,CON-17202,,አይ ቢም I Beam,1,0,visible,,,,,taxable,parent,1,,,0,0,,,,,0,,,250,,,,,,,id:17197,,,,,,5,,የቢሙ ሳይዝ,140 x 60,,0,,,,,,,,,,,,,,,,,,,,,,,,,,,,,,,,,,,,,,,,,1787195015,synced,,,approved,,የቢሙ ውፍረት,5,,0,,,,,,,,,,,,,,,,,,,,,,,,,,,,,,,,,,,,,,,,,,,,,,,,,,,,,,,,,,,,,,,,,,,,,,,,,,
17203,variation,CON-17203,,አይ ቢም I Beam,1,0,visible,,,,,taxable,parent,1,,,0,0,,,,,0,,,250,,,,,,,id:17197,,,,,,6,,የቢሙ ሳይዝ,140 x 60,,0,,,,,,,,,,,,,,,,,,,,,,,,,,,,,,,,,,,,,,,,,1787195015,synced,,,approved,,የቢሙ ውፍረት,6,,0,,,,,,,,,,,,,,,,,,,,,,,,,,,,,,,,,,,,,,,,,,,,,,,,,,,,,,,,,,,,,,,,,,,,,,,,,,
17204,variation,CON-17204,,አይ ቢም I Beam,1,0,visible,,,,,taxable,parent,1,,,0,0,,,,,0,,,250,,,,,,,id:17197,,,,,,7,,የቢሙ ሳይዝ,120 x 55,,0,,,,,,,,,,,,,,,,,,,,,,,,,,,,,,,,,,,,,,,,,1787195015,synced,,,approved,,የቢሙ ውፍረት,5,,0,,,,,,,,,,,,,,,,,,,,,,,,,,,,,,,,,,,,,,,,,,,,,,,,,,,,,,,,,,,,,,,,,,,,,,,,,,
17205,variation,CON-17205,,አይ ቢም I Beam,1,0,visible,,,,,taxable,parent,1,,,0,0,,,,,0,,,250,,,,,,,id:17197,,,,,,8,,የቢሙ ሳይዝ,120 x 55,,0,,,,,,,,,,,,,,,,,,,,,,,,,,,,,,,,,,,,,,,,,1787195015,synced,,,approved,,የቢሙ ውፍረት,6,,0,,,,,,,,,,,,,,,,,,,,,,,,,,,,,,,,,,,,,,,,,,,,,,,,,,,,,,,,,,,,,,,,,,,,,,,,,,
17207,variation,CON-17207,,ዩ ቻናል U Channel,1,0,visible,,,,,taxable,parent,1,,,0,0,,,,,0,,,250,,,,,,,id:17206,,,,,,1,,የቻናሉ ሳይዝ,100 x 50,,0,,,,,,,,,,,,,,,,,,,,,,,,,,,,,,,,,,,,,,,,,1787195017,synced,,,approved,,የቻናሉ ውፍረት,4,,0,,,,,,,,,,,,,,,,,,,,,,,,,,,,,,,,,,,,,,,,,,,,,,,,,,,,,,,,,,,,,,,,,,,,,,,,,,
17208,variation,CON-17208,,ዩ ቻናል U Channel,1,0,visible,,,,,taxable,parent,1,,,0,0,,,,,0,,,250,,,,,,,id:17206,,,,,,2,,የቻናሉ ሳይዝ,100 x 50,,0,,,,,,,,,,,,,,,,,,,,,,,,,,,,,,,,,,,,,,,,,1787195017,synced,,,approved,,የቻናሉ ውፍረት,5,,0,,,,,,,,,,,,,,,,,,,,,,,,,,,,,,,,,,,,,,,,,,,,,,,,,,,,,,,,,,,,,,,,,,,,,,,,,,
17209,variation,CON-17209,,ዩ ቻናል U Channel,1,0,visible,,,,,taxable,parent,1,,,0,0,,,,,0,,,250,,,,,,,id:17206,,,,,,3,,የቻናሉ ሳይዝ,100 x 50,,0,,,,,,,,,,,,,,,,,,,,,,,,,,,,,,,,,,,,,,,,,1787195017,synced,,,approved,,የቻናሉ ውፍረት,6,,0,,,,,,,,,,,,,,,,,,,,,,,,,,,,,,,,,,,,,,,,,,,,,,,,,,,,,,,,,,,,,,,,,,,,,,,,,,
17210,variation,CON-17210,,ዩ ቻናል U Channel,1,0,visible,,,,,taxable,parent,1,,,0,0,,,,,0,,,250,,,,,,,id:17206,,,,,,4,,የቻናሉ ሳይዝ,120 x 50,,0,,,,,,,,,,,,,,,,,,,,,,,,,,,,,,,,,,,,,,,,,1787195017,synced,,,approved,,የቻናሉ ውፍረት,4,,0,,,,,,,,,,,,,,,,,,,,,,,,,,,,,,,,,,,,,,,,,,,,,,,,,,,,,,,,,,,,,,,,,,,,,,,,,,
17211,variation,CON-17211,,ዩ ቻናል U Channel,1,0,visible,,,,,taxable,parent,1,,,0,0,,,,,0,,,250,,,,,,,id:17206,,,,,,5,,የቻናሉ ሳይዝ,120 x 50,,0,,,,,,,,,,,,,,,,,,,,,,,,,,,,,,,,,,,,,,,,,1787195017,synced,,,approved,,የቻናሉ ውፍረት,5,,0,,,,,,,,,,,,,,,,,,,,,,,,,,,,,,,,,,,,,,,,,,,,,,,,,,,,,,,,,,,,,,,,,,,,,,,,,,
17212,variation,CON-17212,,ዩ ቻናል U Channel,1,0,visible,,,,,taxable,parent,1,,,0,0,,,,,0,,,250,,,,,,,id:17206,,,,,,6,,የቻናሉ ሳይዝ,120 x 50,,0,,,,,,,,,,,,,,,,,,,,,,,,,,,,,,,,,,,,,,,,,1787195017,synced,,,approved,,የቻናሉ ውፍረት,6,,0,,,,,,,,,,,,,,,,,,,,,,,,,,,,,,,,,,,,,,,,,,,,,,,,,,,,,,,,,,,,,,,,,,,,,,,,,,
17213,variation,CON-17213,,ዩ ቻናል U Channel,1,0,visible,,,,,taxable,parent,1,,,0,0,,,,,0,,,250,,,,,,,id:17206,,,,,,7,,የቻናሉ ሳይዝ,140 x 55,,0,,,,,,,,,,,,,,,,,,,,,,,,,,,,,,,,,,,,,,,,,1787195017,synced,,,approved,,የቻናሉ ውፍረት,4,,0,,,,,,,,,,,,,,,,,,,,,,,,,,,,,,,,,,,,,,,,,,,,,,,,,,,,,,,,,,,,,,,,,,,,,,,,,,
17214,variation,CON-17214,,ዩ ቻናል U Channel,1,0,visible,,,,,taxable,parent,1,,,0,0,,,,,0,,,250,,,,,,,id:17206,,,,,,8,,የቻናሉ ሳይዝ,140 x 55,,0,,,,,,,,,,,,,,,,,,,,,,,,,,,,,,,,,,,,,,,,,1787195017,synced,,,approved,,የቻናሉ ውፍረት,5,,0,,,,,,,,,,,,,,,,,,,,,,,,,,,,,,,,,,,,,,,,,,,,,,,,,,,,,,,,,,,,,,,,,,,,,,,,,,
17215,variation,CON-17215,,ዩ ቻናል U Channel,1,0,visible,,,,,taxable,parent,1,,,0,0,,,,,0,,,250,,,,,,,id:17206,,,,,,9,,የቻናሉ ሳይዝ,140 x 55,,0,,,,,,,,,,,,,,,,,,,,,,,,,,,,,,,,,,,,,,,,,1787195017,synced,,,approved,,የቻናሉ ውፍረት,6,,0,,,,,,,,,,,,,,,,,,,,,,,,,,,,,,,,,,,,,,,,,,,,,,,,,,,,,,,,,,,,,,,,,,,,,,,,,,
17216,variation,CON-17216,,ዩ ቻናል U Channel,1,0,visible,,,,,taxable,parent,1,,,0,0,,,,,0,,,250,,,,,,,id:17206,,,,,,10,,የቻናሉ ሳይዝ,60 x 65,,0,,,,,,,,,,,,,,,,,,,,,,,,,,,,,,,,,,,,,,,,,1787195017,synced,,,approved,,የቻናሉ ውፍረት,4,,0,,,,,,,,,,,,,,,,,,,,,,,,,,,,,,,,,,,,,,,,,,,,,,,,,,,,,,,,,,,,,,,,,,,,,,,,,,
17217,variation,CON-17217,,ዩ ቻናል U Channel,1,0,visible,,,,,taxable,parent,1,,,0,0,,,,,0,,,250,,,,,,,id:17206,,,,,,11,,የቻናሉ ሳይዝ,60 x 65,,0,,,,,,,,,,,,,,,,,,,,,,,,,,,,,,,,,,,,,,,,,1787195017,synced,,,approved,,የቻናሉ ውፍረት,5,,0,,,,,,,,,,,,,,,,,,,,,,,,,,,,,,,,,,,,,,,,,,,,,,,,,,,,,,,,,,,,,,,,,,,,,,,,,,
17218,variation,CON-17218,,ዩ ቻናል U Channel,1,0,visible,,,,,taxable,parent,1,,,0,0,,,,,0,,,250,,,,,,,id:17206,,,,,,12,,የቻናሉ ሳይዝ,60 x 65,,0,,,,,,,,,,,,,,,,,,,,,,,,,,,,,,,,,,,,,,,,,1787195017,synced,,,approved,,የቻናሉ ውፍረት,6,,0,,,,,,,,,,,,,,,,,,,,,,,,,,,,,,,,,,,,,,,,,,,,,,,,,,,,,,,,,,,,,,,,,,,,,,,,,,
17226,variation,CON-17226,,ዩ ቻናል U Channel,1,0,visible,,,,,taxable,parent,1,,,0,0,,,,,0,,,250,,,,,,,id:17206,,,,,,13,,የቻናሉ ሳይዝ,200 x 72,,0,,,,,,,,,,,,,,,,,,,,,,,,,,,,,,,,,,,,,,,,,1787195017,synced,,,approved,,የቻናሉ ውፍረት,4,,0,,,,,,,,,,,,,,,,,,,,,,,,,,,,,,,,,,,,,,,,,,,,,,,,,,,,,,,,,,,,,,,,,,,,,,,,,,
17227,variation,CON-17227,,ዩ ቻናል U Channel,1,0,visible,,,,,taxable,parent,1,,,0,0,,,,,0,,,250,,,,,,,id:17206,,,,,,14,,የቻናሉ ሳይዝ,200 x 72,,0,,,,,,,,,,,,,,,,,,,,,,,,,,,,,,,,,,,,,,,,,1787195018,synced,,,approved,,የቻናሉ ውፍረት,5,,0,,,,,,,,,,,,,,,,,,,,,,,,,,,,,,,,,,,,,,,,,,,,,,,,,,,,,,,,,,,,,,,,,,,,,,,,,,
17228,variation,CON-17228,,ዩ ቻናል U Channel,1,0,visible,,,,,taxable,parent,1,,,0,0,,,,,0,,,250,,,,,,,id:17206,,,,,,15,,የቻናሉ ሳይዝ,200 x 72,,0,,,,,,,,,,,,,,,,,,,,,,,,,,,,,,,,,,,,,,,,,1787195018,synced,,,approved,,የቻናሉ ውፍረት,6,,0,,,,,,,,,,,,,,,,,,,,,,,,,,,,,,,,,,,,,,,,,,,,,,,,,,,,,,,,,,,,,,,,,,,,,,,,,,
18138,variation,CON-18138,,ዩ ቻናል U Channel,1,0,visible,,,,,taxable,parent,1,,,0,0,,,,,0,,,250,,,,,,,id:18137,,,,,,1,,የቻናሉ ሳይዝ,100 x 50,,0,,,,,,,,,,,,,,,,,,,,,,,,,,,,,,,,,,,,,,,,,1787195083,synced,,,approved,,የቻናሉ ውፍረት,4,,0,,,,,,,,,,,,,,,,,,,,,,,,,,,,,,,,,,,,,,,,,,,,,,,,,,,,,,,,,,,,,,,,,,,,,,,,,,
18139,variation,CON-18139,,ዩ ቻናል U Channel,1,0,visible,,,,,taxable,parent,1,,,0,0,,,,,0,,,250,,,,,,,id:18137,,,,,,2,,የቻናሉ ሳይዝ,100 x 50,,0,,,,,,,,,,,,,,,,,,,,,,,,,,,,,,,,,,,,,,,,,1787195083,synced,,,approved,,የቻናሉ ውፍረት,5,,0,,,,,,,,,,,,,,,,,,,,,,,,,,,,,,,,,,,,,,,,,,,,,,,,,,,,,,,,,,,,,,,,,,,,,,,,,,
18140,variation,CON-18140,,ዩ ቻናል U Channel,1,0,visible,,,,,taxable,parent,1,,,0,0,,,,,0,,,250,,,,,,,id:18137,,,,,,3,,የቻናሉ ሳይዝ,100 x 50,,0,,,,,,,,,,,,,,,,,,,,,,,,,,,,,,,,,,,,,,,,,1787195083,synced,,,approved,,የቻናሉ ውፍረት,6,,0,,,,,,,,,,,,,,,,,,,,,,,,,,,,,,,,,,,,,,,,,,,,,,,,,,,,,,,,,,,,,,,,,,,,,,,,,,
18141,variation,CON-18141,,ዩ ቻናል U Channel,1,0,visible,,,,,taxable,parent,1,,,0,0,,,,,0,,,250,,,,,,,id:18137,,,,,,4,,የቻናሉ ሳይዝ,120 x 50,,0,,,,,,,,,,,,,,,,,,,,,,,,,,,,,,,,,,,,,,,,,1787195083,synced,,,approved,,የቻናሉ ውፍረት,4,,0,,,,,,,,,,,,,,,,,,,,,,,,,,,,,,,,,,,,,,,,,,,,,,,,,,,,,,,,,,,,,,,,,,,,,,,,,,
18142,variation,CON-18142,,ዩ ቻናል U Channel,1,0,visible,,,,,taxable,parent,1,,,0,0,,,,,0,,,250,,,,,,,id:18137,,,,,,5,,የቻናሉ ሳይዝ,120 x 50,,0,,,,,,,,,,,,,,,,,,,,,,,,,,,,,,,,,,,,,,,,,1787195084,synced,,,approved,,የቻናሉ ውፍረት,5,,0,,,,,,,,,,,,,,,,,,,,,,,,,,,,,,,,,,,,,,,,,,,,,,,,,,,,,,,,,,,,,,,,,,,,,,,,,,
18143,variation,CON-18143,,ዩ ቻናል U Channel,1,0,visible,,,,,taxable,parent,1,,,0,0,,,,,0,,,250,,,,,,,id:18137,,,,,,6,,የቻናሉ ሳይዝ,120 x 50,,0,,,,,,,,,,,,,,,,,,,,,,,,,,,,,,,,,,,,,,,,,1787195084,synced,,,approved,,የቻናሉ ውፍረት,6,,0,,,,,,,,,,,,,,,,,,,,,,,,,,,,,,,,,,,,,,,,,,,,,,,,,,,,,,,,,,,,,,,,,,,,,,,,,,
18144,variation,CON-18144,,ዩ ቻናል U Channel,1,0,visible,,,,,taxable,parent,1,,,0,0,,,,,0,,,250,,,,,,,id:18137,,,,,,7,,የቻናሉ ሳይዝ,140 x 55,,0,,,,,,,,,,,,,,,,,,,,,,,,,,,,,,,,,,,,,,,,,1787195084,synced,,,approved,,የቻናሉ ውፍረት,4,,0,,,,,,,,,,,,,,,,,,,,,,,,,,,,,,,,,,,,,,,,,,,,,,,,,,,,,,,,,,,,,,,,,,,,,,,,,,
18145,variation,CON-18145,,ዩ ቻናል U Channel,1,0,visible,,,,,taxable,parent,1,,,0,0,,,,,0,,,250,,,,,,,id:18137,,,,,,8,,የቻናሉ ሳይዝ,140 x 55,,0,,,,,,,,,,,,,,,,,,,,,,,,,,,,,,,,,,,,,,,,,1787195084,synced,,,approved,,የቻናሉ ውፍረት,5,,0,,,,,,,,,,,,,,,,,,,,,,,,,,,,,,,,,,,,,,,,,,,,,,,,,,,,,,,,,,,,,,,,,,,,,,,,,,
18146,variation,CON-18146,,ዩ ቻናል U Channel,1,0,visible,,,,,taxable,parent,1,,,0,0,,,,,0,,,250,,,,,,,id:18137,,,,,,9,,የቻናሉ ሳይዝ,140 x 55,,0,,,,,,,,,,,,,,,,,,,,,,,,,,,,,,,,,,,,,,,,,1787195086,synced,,,approved,,የቻናሉ ውፍረት,6,,0,,,,,,,,,,,,,,,,,,,,,,,,,,,,,,,,,,,,,,,,,,,,,,,,,,,,,,,,,,,,,,,,,,,,,,,,,,
18147,variation,CON-18147,,ዩ ቻናል U Channel,1,0,visible,,,,,taxable,parent,1,,,0,0,,,,,0,,,250,,,,,,,id:18137,,,,,,10,,የቻናሉ ሳይዝ,60 x 65,,0,,,,,,,,,,,,,,,,,,,,,,,,,,,,,,,,,,,,,,,,,1787195087,synced,,,approved,,የቻናሉ ውፍረት,4,,0,,,,,,,,,,,,,,,,,,,,,,,,,,,,,,,,,,,,,,,,,,,,,,,,,,,,,,,,,,,,,,,,,,,,,,,,,,
18148,variation,CON-18148,,ዩ ቻናል U Channel,1,0,visible,,,,,taxable,parent,1,,,0,0,,,,,0,,,250,,,,,,,id:18137,,,,,,11,,የቻናሉ ሳይዝ,60 x 65,,0,,,,,,,,,,,,,,,,,,,,,,,,,,,,,,,,,,,,,,,,,1787195087,synced,,,approved,,የቻናሉ ውፍረት,5,,0,,,,,,,,,,,,,,,,,,,,,,,,,,,,,,,,,,,,,,,,,,,,,,,,,,,,,,,,,,,,,,,,,,,,,,,,,,
18149,variation,CON-18149,,ዩ ቻናል U Channel,1,0,visible,,,,,taxable,parent,1,,,0,0,,,,,0,,,250,,,,,,,id:18137,,,,,,12,,የቻናሉ ሳይዝ,60 x 65,,0,,,,,,,,,,,,,,,,,,,,,,,,,,,,,,,,,,,,,,,,,1787195089,synced,,,approved,,የቻናሉ ውፍረት,6,,0,,,,,,,,,,,,,,,,,,,,,,,,,,,,,,,,,,,,,,,,,,,,,,,,,,,,,,,,,,,,,,,,,,,,,,,,,,
18150,variation,CON-18150,,ዩ ቻናል U Channel,1,0,visible,,,,,taxable,parent,1,,,0,0,,,,,0,,,250,,,,,,,id:18137,,,,,,13,,የቻናሉ ሳይዝ,200 x 72,,0,,,,,,,,,,,,,,,,,,,,,,,,,,,,,,,,,,,,,,,,,1787195089,synced,,,approved,,የቻናሉ ውፍረት,4,,0,,,,,,,,,,,,,,,,,,,,,,,,,,,,,,,,,,,,,,,,,,,,,,,,,,,,,,,,,,,,,,,,,,,,,,,,,,
18151,variation,CON-18151,,ዩ ቻናል U Channel,1,0,visible,,,,,taxable,parent,1,,,0,0,,,,,0,,,250,,,,,,,id:18137,,,,,,14,,የቻናሉ ሳይዝ,200 x 72,,0,,,,,,,,,,,,,,,,,,,,,,,,,,,,,,,,,,,,,,,,,1787195089,synced,,,approved,,የቻናሉ ውፍረት,5,,0,,,,,,,,,,,,,,,,,,,,,,,,,,,,,,,,,,,,,,,,,,,,,,,,,,,,,,,,,,,,,,,,,,,,,,,,,,
18152,variation,CON-18152,,ዩ ቻናል U Channel,1,0,visible,,,,,taxable,parent,1,,,0,0,,,,,0,,,250,,,,,,,id:18137,,,,,,15,,የቻናሉ ሳይዝ,200 x 72,,0,,,,,,,,,,,,,,,,,,,,,,,,,,,,,,,,,,,,,,,,,1787195089,synced,,,approved,,የቻናሉ ውፍረት,6,,0,,,,,,,,,,,,,,,,,,,,,,,,,,,,,,,,,,,,,,,,,,,,,,,,,,,,,,,,,,,,,,,,,,,,,,,,,,
,variable,CON-HFRAME-7M2,,H-Frame Scaffolding Set – 7 m² Coverage,0,0,visible,"<p>Complete H-frame scaffolding set covering approximately <strong>7 m²</strong>: 2 H-frames, 2 X-connectors and 4 adjustable jacks. Choose 1 m or 60 cm jacks.</p>","<h2>Complete H-Frame Scaffolding Set</h2><p>A practical scaffolding package for construction, plastering, painting and finishing work.</p><h3>Set contents</h3><ul><li>2 H-frames</li><li>2 X-connectors (cross braces)</li><li>4 adjustable jacks</li></ul><h3>Dimensions and coverage</h3><ul><li>Height: 2.50 m</li><li>Length: 1.60 m</li><li>Width: 1.10 m</li><li>Approximate coverage: 7 m²</li></ul><p>Select the required jack size below. Call or WhatsApp <a href=""https://wa.me/251911283651"">+251 911 28 3651</a> to confirm stock and delivery.</p>",,,taxable,,1,,,,,,160,110,250,,,,,"Construction Equipment, Scaffolding","H-frame scaffolding, scaffolding Ethiopia, construction equipment Addis Ababa, adjustable jack, Conmaret",,https://z-p3-scontent.fadd1-1.fna.fbcdn.net/v/t39.30808-6/786616733_1513837830785452_4142438922553927505_n.jpg?stp=dst-jpg_tt6&cstp=mx1003x1568&ctp=s1003x1568&_nc_cat=101&ccb=1-7&_nc_sid=127cfc&_nc_eui2=AeG3KcdFL93QFXoFO8c70H_S_VJJBN1vuMr9UkkE3W-4yvGpx1b1sBTT6HT5LMFdpRPoTgjo8y5hqGoYPBC7kApI&_nc_ohc=i7lD-9A9C5UQ7kNvwF_W2cr&_nc_oc=AdrSjWMt3mn08R80wO-Yq5FJe3t976cwnoXM8NTlZUCyeynJnSqg6uzY6pNNvJu3R6k&_nc_zt=23&_nc_ht=z-p3-scontent.fadd1-1.fna&_nc_gid=Syqbiv6ooO4d9ScEr_iLKQ&_nc_ss=7a2a8&oh=00_AQGruXka22knFs1cf0T1CvRJNXTiEWyIOJraGNn7I9CHLQ&oe=6A95F1B9,,,,,,,,,,,Jack size,"1 m, 60 cm",1,0,,,,,,,,,,,,,,,,,,,,,,,,,,,,,,,,,,,,,,,,,,,,H-frame scaffolding set Ethiopia,,,,,,,,,,,,,,,,,,,,,,,,+251911283651,,,,,,Call or WhatsApp to order,tel:+251911283651,,,,,H-Frame Scaffolding Set in Ethiopia | Conmaret,"Buy a complete H-frame scaffolding set covering 7 m². Includes 2 H-frames, 2 X-connectors and 4 jacks. Choose 1 m or 60 cm jacks.",https://z-p3-scontent.fadd1-1.fna.fbcdn.net/v/t39.30808-6/786616733_1513837830785452_4142438922553927505_n.jpg?stp=dst-jpg_tt6&cstp=mx1003x1568&ctp=s1003x1568&_nc_cat=101&ccb=1-7&_nc_sid=127cfc&_nc_eui2=AeG3KcdFL93QFXoFO8c70H_S_VJJBN1vuMr9UkkE3W-4yvGpx1b1sBTT6HT5LMFdpRPoTgjo8y5hqGoYPBC7kApI&_nc_ohc=i7lD-9A9C5UQ7kNvwF_W2cr&_nc_oc=AdrSjWMt3mn08R80wO-Yq5FJe3t976cwnoXM8NTlZUCyeynJnSqg6uzY6pNNvJu3R6k&_nc_zt=23&_nc_ht=z-p3-scontent.fadd1-1.fna&_nc_gid=Syqbiv6ooO4d9ScEr_iLKQ&_nc_ss=7a2a8&oh=00_AQGruXka22knFs1cf0T1CvRJNXTiEWyIOJraGNn7I9CHLQ&oe=6A95F1B9,,"Buy a complete H-frame scaffolding set covering 7 m². Includes 2 H-frames, 2 X-connectors and 4 jacks. Choose 1 m or 60 cm jacks.",,,,,,,,,,,,,,,,,h-frame-scaffolding-set-7m2,,,,H-frame scaffolding set Ethiopia,,,,H-Frame Scaffolding Set in Ethiopia | Conmaret,"Buy a complete H-frame scaffolding set covering 7 m². Includes 2 H-frames, 2 X-connectors and 4 jacks. Choose 1 m or 60 cm jacks.",https://z-p3-scontent.fadd1-1.fna.fbcdn.net/v/t39.30808-6/786616733_1513837830785452_4142438922553927505_n.jpg?stp=dst-jpg_tt6&cstp=mx1003x1568&ctp=s1003x1568&_nc_cat=101&ccb=1-7&_nc_sid=127cfc&_nc_eui2=AeG3KcdFL93QFXoFO8c70H_S_VJJBN1vuMr9UkkE3W-4yvGpx1b1sBTT6HT5LMFdpRPoTgjo8y5hqGoYPBC7kApI&_nc_ohc=i7lD-9A9C5UQ7kNvwF_W2cr&_nc_oc=AdrSjWMt3mn08R80wO-Yq5FJe3t976cwnoXM8NTlZUCyeynJnSqg6uzY6pNNvJu3R6k&_nc_zt=23&_nc_ht=z-p3-scontent.fadd1-1.fna&_nc_gid=Syqbiv6ooO4d9ScEr_iLKQ&_nc_ss=7a2a8&oh=00_AQGruXka22knFs1cf0T1CvRJNXTiEWyIOJraGNn7I9CHLQ&oe=6A95F1B9,,,,,,,,,,,,,
,variation,CON-HFRAME-7M2-JACK-1M,,H-Frame Scaffolding Set – 7 m² Coverage,0,,,,,,,,,1,,,,,,,,,,,,18780,,,,,,,CON-HFRAME-7M2,,,,,,,,Jack size,1 m,,,,,,,,,,,,,,,,,,,,,,,,,,,,,,,,,,,,,,,,,,,,,,,,,,,,,,,,,,,,,,,,,,,,,,,,,,,,,,,,,,,,,,,,,,,,,,,,,,,,,,,,,,,,,,,,,,,,,,,,,,,,,,
,variation,CON-HFRAME-7M2-JACK-60CM,,H-Frame Scaffolding Set – 7 m² Coverage,0,,,,,,,,,1,,,,,,,,,,,,16800,,,,,,,CON-HFRAME-7M2,,,,,,,,Jack size,60 cm,,,,,,,,,,,,,,,,,,,,,,,,,,,,,,,,,,,,,,,,,,,,,,,,,,,,,,,,,,,,,,,,,,,,,,,,,,,,,,,,,,,,,,,,,,,,,,,,,,,,,,,,,,,,,,,,,,,,,,,,,,,,,,